seq,id,composite,label,component,datatype,collapsed,visible,description
1,,root,cor:accountingEntries,AccountingEntries,,null,FALSE,Root for XBRL GL. No entry made here.
2,,AccountingEntries,  cor:documentInfo,DocumentInfo,,TRUE,FALSE,Parent for descriptive information about the accountingEntries section in which it is contained.
3,AccountingEntries,DocumentInfo,    cor:entriesType,EntriesType,token,null,FALSE,account: information to fill in a chart of accounts file.  balance: the results of accumulation of a complete and validated list of entries for an account   or a list of account in a specific period - sometimes called general ledger entries: a list of individual accounting entries&comma; which might be posted/validated or nonposted/n  journal: a self-balancing   Dr = Cr list of entries for a specific period including beginning balance for that period.  ledger: a complete list of entries for a specific account   or list of accounts for a specific period; note - debits do not have to equal credits.  assets: a listing of open receivables&comma; payables&comma; inventory&comma; fixed assets or other information that can be extracted from but are not necessarily included as part of a journal n  trialBalance: the self-balancing   Dr = Cr result of accumulation of a complete and validated list of entries for the entity in a complete list of accounts in a specific period. taxtables: aids automated interpretation of instances that represent tax tables; Tax table are defined by using multiple [taxes] structures to gather the population of codes&comma; authorities and rates; through [taxTableCode] cross-references in the [taxes] structure&comma; these &quot;master file&quot; tax tables can be referenced.   mapping: a collection of mappings between interrelated data sets&comma; such as a local and related corporate standard chart of accounts or detail data mapped to summarized end reporting concepts.  versioning: a collection of changes between two versions of the same class of information&comma; such as updates to a master file like a chart of accounts.   master_file: a collection of master files&comma; such as the customer or inventory master file.   trade_documents: a collection of trade/transactional documents&comma; such as vendor invoices or customer orders.   profile_compliant: the meaning of this collection of information can be determined by understanding an established profile and especially an XBRL GL Profile. Profiles are determined through namespace declarations&comma; schemaRef and conventions of those profiles.  other: for all other types of representations.  Often sorted by date or by account&comma; these terms have specific&comma; and sometimes different&comma; meanings in different areas. Common practice will drive accounting method/term matches.
4,AccountingEntries,DocumentInfo,    cor:uniqueID,UniqueID,string,null,FALSE,Unique identifier for this file.
5,AccountingEntries,DocumentInfo,    cor:revisesUniqueID,RevisesUniqueID,string,null,FALSE,Internal ID Number associated with identifierReference
6,AccountingEntries,DocumentInfo,    cor:revisesUniqueIDAction,RevisesUniqueIDAction,token,null,FALSE,Provides guidance on action to take with previous set of data: supersedes - old data should be considered as obsolete/overwritten; supplements - belongs with that data as if it was included with it.
7,AccountingEntries,DocumentInfo,    cor:language,Language,QName,null,FALSE,Primary language of the intellectual content. Where practical&comma; the content of this field should coincide with ISO 639-1988 language codes.
8,AccountingEntries,DocumentInfo,    cor:creationDate,CreationDate,dateTime,null,FALSE,Date/time file was created.
9,AccountingEntries,DocumentInfo,    bus:creator,Creator,string,null,FALSE,Identifies the creator of the XBRL instance.
10,AccountingEntries,DocumentInfo,    cor:entriesComment,EntriesComment,string,null,FALSE,Text for entire document.
11,AccountingEntries,DocumentInfo,    cor:periodCoveredStart,PeriodCoveredStart,dateTime,null,FALSE,Start of date range for contents. Used as basis for many assumptions about data&comma; including the date as of which open balances are open.
12,AccountingEntries,DocumentInfo,    cor:periodCoveredEnd,PeriodCoveredEnd,dateTime,null,FALSE,End of date range for contents. Used as basis for many assumptions about data&comma; including the date as of which open balances are open.
13,AccountingEntries,DocumentInfo,    bus:periodCount,PeriodCount,decimal,null,FALSE,Number of periods or buckets&comma; used by postingCode. Used to interpret posting date. It may be preferable to limit entries by period covered to be by individual reporting period.
14,AccountingEntries,DocumentInfo,    bus:periodUnit,PeriodUnit,token,null,FALSE,Type of periods covered by periodCount. Enumerated as: daily&comma; weekly&comma; bi-weekly&comma; semi-monthly&comma; monthly&comma; quarterly&comma; thirdly&comma; semiannual&comma; annual&comma; ad-hoc&comma; current-period-only&comma; other.
15,AccountingEntries,DocumentInfo,    bus:periodUnitDescription,PeriodUnitDescription,string,null,FALSE,Free format description of the period unit
16,AccountingEntries,DocumentInfo,    bus:sourceApplication,SourceApplication,string,null,FALSE,Product or service that produced this file. Used by many systems   e.g.&comma; VAT. Version number can be included or extended.
17,AccountingEntries,DocumentInfo,    bus:targetApplication,TargetApplication,string,null,FALSE,Particular use for which file was generated.
18,AccountingEntries,DocumentInfo,    muc:defaultCurrency,DefaultCurrency,QName,null,FALSE,The default currency related to the amount can be entered here instead of the XBRL instance specified way&comma; especially important in multi-currency situations. Recommend ISO 4217 coding
19,,AccountingEntries,  cor:entityInformation,EntityInformation,,TRUE,FALSE,Holder for entity information - information about the reporting organization.
20,AccountingEntries,EntityInformation,    bus:entityPhoneNumber,PhoneStructure,,null,FALSE,Primary phone number of the entity.
21,AccountingEntries_EntityInformation,PhoneStructure,      bus:phoneNumberDescription,Description,token,null,FALSE,Entity Phone Number Description such as Main&comma; Investor relations. Enumerated as: bookkeeper&comma; controller&comma; direct&comma; fax&comma; investor-relations&comma; main&comma; switchboard&comma; other.
22,AccountingEntries_EntityInformation,PhoneStructure,      bus:phoneNumber,PhoneNumber,string,null,FALSE,Phone number referred to in &apos;phoneNumberDescription&apos;
23,AccountingEntries,EntityInformation,    bus:entityFaxNumberStructure,FaxStructure,,TRUE,FALSE,Tuple for holding company fax information.
24,AccountingEntries_EntityInformation,FaxStructure,      bus:entityFaxNumberUsage,Usage,string,null,FALSE,Company fax number usage   e.g. orders&comma; head office&comma; IR
25,AccountingEntries_EntityInformation,FaxStructure,      bus:entityFaxNumber,FaxNumber,string,null,FALSE,Company Fax Number
26,AccountingEntries,EntityInformation,    bus:entityEmailAddressStructure,EmailStructure,,TRUE,FALSE,Tuple for holding company email information.
27,AccountingEntries_EntityInformation,EmailStructure,      bus:entityEmailAddressUsage,Usage,string,null,FALSE,Company email address usage   e.g. orders&comma; head office&comma; IR
28,AccountingEntries_EntityInformation,EmailStructure,      bus:entityEmailAddress,EmailAddress,string,null,FALSE,Company Email Address
29,AccountingEntries,EntityInformation,    bus:organizationAccountingMethodPurposeDefault,,token,null,FALSE,If not stated explicitly at the line level&comma; the default reporting purpose - from book&comma; tax&comma; management&comma; statutory&comma; other
30,AccountingEntries,EntityInformation,    bus:organizationAccountingMethodPurposeDefaultDescription,,string,null,FALSE,Free format description of the default accounting method purpose
31,AccountingEntries,EntityInformation,    bus:organizationIdentifiers,IdentifierStructure,,TRUE,FALSE,Section which contains various identifiers for the company.
32,AccountingEntries_EntityInformation,IdentifierStructure,      bus:organizationIdentifier,Identifier,string,null,FALSE,Code representing the company or organization whose data this file represents: used for situations where one user   e.g.&comma; a CPA needs to keep track of multiple organizations&apos; files   e.g.&comma; multiple clients. Can be EIN#&comma; client #&comma; internal/external identifier&comma; SIC code. Codes which identifies the entity. Includes the code identifier of the authority issuing the code&comma; a colon&comma; and the code itself. For example&comma; CIK:01234567 for the CIK number issued by SEC EDGAR.
33,AccountingEntries_EntityInformation,IdentifierStructure,      bus:organizationDescription,Description,string,null,FALSE,Text for organization identified by organizationIdentifier. Any descriptive information about the code.
34,AccountingEntries,EntityInformation,    bus:organizationAddress,AddressStructure,,TRUE,FALSE,Address structure for the reporting entity
35,AccountingEntries_EntityInformation,AddressStructure,      bus:organizationAddressName,Name,string,null,FALSE,Name of organization used at this address
36,AccountingEntries_EntityInformation,AddressStructure,      bus:organizationAddressDescription,Description,string,null,FALSE,Description of the address&comma; such as Mailing&comma; Physical&comma; Investor Relations&comma; etc.
37,AccountingEntries_EntityInformation,AddressStructure,      bus:organizationAddressPurpose,Purpose,string,null,FALSE,Freeform for codes like shipping&comma; billing&comma; mailing at address level.  Allows identification of multiple purpose addresses for each address of the reporting organization.
38,AccountingEntries_EntityInformation,AddressStructure,      bus:organizationAddressLocationIdentifier,LocationIdentifier,string,null,FALSE,A code used to identify the location and to associate it with contacts and transactions
39,AccountingEntries_EntityInformation,AddressStructure,      bus:organizationBuildingNumber,BuildingNumber,string,null,FALSE,Building Number
40,AccountingEntries_EntityInformation,AddressStructure,      bus:organizationAddressStreet,Street,string,null,FALSE,Street address
41,AccountingEntries_EntityInformation,AddressStructure,      bus:organizationAddressStreet2,Street2,string,null,FALSE,Address Detail
42,AccountingEntries_EntityInformation,AddressStructure,      bus:organizationAddressCity,City,string,null,FALSE,City or town of the address.
43,AccountingEntries_EntityInformation,AddressStructure,      bus:organizationAddressStateOrProvince,StateOrProvince,string,null,FALSE,State&comma; province or region of the address.
44,AccountingEntries_EntityInformation,AddressStructure,      bus:organizationAddressZipOrPostalCode,ZipOrPostalCode,string,null,FALSE,Zip or other postal code of the address.
45,AccountingEntries_EntityInformation,AddressStructure,      bus:organizationAddressCountry,Country,string,null,FALSE,Country of the address.
46,AccountingEntries_EntityInformation,AddressStructure,      bus:organizationAddressActive,Active,boolean,null,FALSE,Boolean to indicate whether the address is active   =&quot;true&quot; or inactive   =&quot;false&quot;
47,AccountingEntries,EntityInformation,    bus:entityWebSite,WebsiteStructure,,TRUE,FALSE,Primary web site of the entity.
48,AccountingEntries_EntityInformation,WebsiteStructure,      bus:webSiteDescription,Description,string,null,FALSE,Description of the web site.
49,AccountingEntries_EntityInformation,WebsiteStructure,      bus:webSiteURL,URL,anyURI,null,FALSE,Valid URL of the web site. Should be full URL.
50,AccountingEntries,EntityInformation,    bus:contactInformation,ContactStructure,,TRUE,FALSE,Information about contacts.
51,AccountingEntries_EntityInformation,ContactStructure,      bus:contactPrefix,Prefix,string,null,FALSE,Prefix   e.g. Dr.&comma; Mr.&comma; Mrs.
52,AccountingEntries_EntityInformation,ContactStructure,      bus:contactLastName,LastName,string,null,FALSE,Last or family name
53,AccountingEntries_EntityInformation,ContactStructure,      bus:contactFirstName,FirstName,string,null,FALSE,First or given name
54,AccountingEntries_EntityInformation,ContactStructure,      bus:contactSuffix,Suffix,string,null,FALSE,Suffix   e.g. MD&comma; CPA&comma; Jr.
55,AccountingEntries_EntityInformation,ContactStructure,      bus:contactAttentionLine,AttentionLine,string,null,FALSE,Attention Line
56,AccountingEntries_EntityInformation,ContactStructure,      bus:contactPositionRole,PositionRole,string,null,FALSE,Position or role
57,AccountingEntries_EntityInformation,ContactStructure,      bus:contactPhone,PhoneStructure,,TRUE,FALSE,Contact Phone Number
58,AccountingEntries_EntityInformation_ContactStructure,PhoneStructure,        bus:contactPhoneNumberDescription,Description,token,null,FALSE,Contact Phone Number Description such as Main&comma; Investor relations&comma; etc. Enumerated as: bookkeeper&comma; controller&comma; direct&comma; fax&comma; investor-relations&comma; main&comma; switchboard&comma; other.
59,AccountingEntries_EntityInformation_ContactStructure,PhoneStructure,        bus:contactPhoneNumber,PhoneNumber,string,null,FALSE,Contact phone number referred to in the description.
60,AccountingEntries_EntityInformation,ContactStructure,      bus:contactFax,FaxStructure,,TRUE,FALSE,Contact Fax Number Structure
61,AccountingEntries_EntityInformation_ContactStructure,FaxStructure,        bus:contactFaxNumberUsage,Usage,string,null,FALSE,Contact Fax Number Usage   e.g. orders&comma; head office&comma; IR
62,AccountingEntries_EntityInformation_ContactStructure,FaxStructure,        bus:contactFaxNumber,FaxNumber,string,null,FALSE,Contact Fax Number
63,AccountingEntries_EntityInformation,ContactStructure,      bus:contactEMail,EmailStructure,,TRUE,FALSE,Contact E-mail address structure
64,AccountingEntries_EntityInformation_ContactStructure,EmailStructure,        bus:contactEmailAddressUsage,Usage,string,null,FALSE,Contact email address usage   e.g. orders&comma; head office&comma; IR
65,AccountingEntries_EntityInformation_ContactStructure,EmailStructure,        bus:contactEmailAddress,EmailAddress,string,null,FALSE,Contact email address
66,AccountingEntries_EntityInformation,ContactStructure,      bus:contactType,Type,string,null,FALSE,Role of contact. Examples include: Source Service&comma; Sender&comma; Recipient&comma; Invoicer&comma; Auditor&comma; Accountant
67,AccountingEntries_EntityInformation,ContactStructure,      bus:contactLocationIdentifierCrossReference,IdentifierCrossreference,string,null,FALSE,This code is used to associate the contact with a specific location for the Entity. Its value should be the same as that of the organizationAddressLocationIdentifier
68,AccountingEntries_EntityInformation,ContactStructure,      bus:contactActive,Active,boolean,null,FALSE,Boolean to indicate whether the contact is active   =&quot;true&quot; or inactive   =&quot;false&quot;
69,AccountingEntries,EntityInformation,    bus:businessDescription,Description,string,null,FALSE,Description of the nature of the business of the entity.
70,AccountingEntries,EntityInformation,    bus:fiscalYearStart,Year,date,null,FALSE,Start of fiscal year. Where appropriate&comma; corporate year period representation permits non-365 or 366 day years   more appropriate for internal sharing than data from external sources In Europe&comma; some jurisdictions allow 2 year minus 1 day fiscal years.
71,AccountingEntries,EntityInformation,    bus:fiscalYearEnd,Year,date,null,FALSE,End of fiscal year. Where appropriate&comma; corporate year period representation permits non-365 or 366 day years   more appropriate for internal sharing than data from external sources In Europe&comma; some jurisdictions allow 2 year minus 1 day fiscal years.
72,AccountingEntries,EntityInformation,    bus:organizationAccountingMethodStructure,AccountingmethodStructure,,TRUE,FALSE,Section for identifying the methods of accounting used by the entity for different reporting purposes
73,AccountingEntries_EntityInformation,AccountingmethodStructure,      bus:organizationAccountingMethod,Method,token,null,FALSE,For this entity&comma; the method of accounting represented - from: accrual&comma; cash&comma; modified cash&comma; modified accrual&comma; encumbrance&comma; special methods&comma; hybrid methods&comma; other
74,AccountingEntries_EntityInformation,AccountingmethodStructure,      bus:organizationAccountingMethodDescription,MethodDescription,string,null,FALSE,Free format description of the accounting method
75,AccountingEntries_EntityInformation,AccountingmethodStructure,      bus:organizationAccountingMethodPurpose,Purpose,token,null,FALSE,For this entity&comma; the reporting purpose represented - from book&comma; tax&comma; management&comma; statutory&comma; other
76,AccountingEntries_EntityInformation,AccountingmethodStructure,      bus:organizationAccountingMethodPurposeDescription,PurposeDescription,string,null,FALSE,Free format description of the accounting method purpose
77,AccountingEntries_EntityInformation,AccountingmethodStructure,      bus:organizationAccountingMethodStartDate,StartDate,dateTime,null,FALSE,Accounting Method Start Date
78,AccountingEntries_EntityInformation,AccountingmethodStructure,      bus:organizationAccountingMethodEndDate,EndDate,dateTime,null,FALSE,Accounting Method End Date
79,AccountingEntries,EntityInformation,    bus:accountantInformation,AccountantInformation,,TRUE,FALSE,Information about the relevant external accountant
80,AccountingEntries_EntityInformation,AccountantInformation,      bus:accountantName,Name,string,null,FALSE,Name of the accountant
81,AccountingEntries_EntityInformation,AccountantInformation,      bus:accountantAddress,AddressStructure,,TRUE,FALSE,Section which contains accountant address information.
82,AccountingEntries_EntityInformation_AccountantInformation,AddressStructure,        bus:accountantAddressName,Name,string,null,FALSE,Address Name for Accountant
83,AccountingEntries_EntityInformation_AccountantInformation,AddressStructure,        bus:accountantAddressDescription,Description,string,null,FALSE,Address Description for Accountant
84,AccountingEntries_EntityInformation_AccountantInformation,AddressStructure,        bus:accountantAddressPurpose,Purpose,string,null,FALSE,Address Purpose
85,AccountingEntries_EntityInformation_AccountantInformation,AddressStructure,        bus:accountantAddressLocationIdentifier,LocationIdentifier,string,null,FALSE,A code used to identify the accountant location and to associate it with contacts and transactions
86,AccountingEntries_EntityInformation_AccountantInformation,AddressStructure,        bus:accountantBuildingNumber,BuildingNumber,string,null,FALSE,Building Number for Accountant
87,AccountingEntries_EntityInformation_AccountantInformation,AddressStructure,        bus:accountantStreet,Street,string,null,FALSE,Street address of the accountant
88,AccountingEntries_EntityInformation_AccountantInformation,AddressStructure,        bus:accountantAddressStreet2,Street2,string,null,FALSE,Address Detail for Accountant
89,AccountingEntries_EntityInformation_AccountantInformation,AddressStructure,        bus:accountantCity,City,string,null,FALSE,City of the accountant
90,AccountingEntries_EntityInformation_AccountantInformation,AddressStructure,        bus:accountantStateOrProvince,StateOrProvince,string,null,FALSE,State&comma; province or region of the accountant
91,AccountingEntries_EntityInformation_AccountantInformation,AddressStructure,        bus:accountantCountry,ZipOrPostalCode,string,null,FALSE,Country of accountant
92,AccountingEntries_EntityInformation_AccountantInformation,AddressStructure,        bus:accountantZipOrPostalCode,Country,string,null,FALSE,Zip or other postal code of the accountant
93,AccountingEntries_EntityInformation_AccountantInformation,AddressStructure,        bus:accountantAddressActive,Active,boolean,null,FALSE,Boolean to indicate whether the address is active   =&quot;true&quot; or inactive   =&quot;false&quot;
94,AccountingEntries_EntityInformation,AccountantInformation,      bus:accountantEngagementType,Type,token,null,FALSE,Type of engagement being performed by external accountant. Enumerated as: audit&comma; review&comma; compilation&comma; tax&comma; other.
95,AccountingEntries_EntityInformation,AccountantInformation,      bus:accountantEngagementTypeDescription,Description,string,null,FALSE,Free format description of the type of engagement
96,AccountingEntries_EntityInformation,AccountantInformation,      bus:accountantContactInformation,ContactStructure,,TRUE,FALSE,Accountant Contact Information Structure
97,AccountingEntries_EntityInformation_AccountantInformation,ContactStructure,        bus:accountantContactPrefix,Prefix,string,null,FALSE,Prefix   e.g. Dr.&comma; Mr.&comma; Mrs.&comma; etc. for Accountant Contact
98,AccountingEntries_EntityInformation_AccountantInformation,ContactStructure,        bus:accountantContactLastName,LastName,string,null,FALSE,Family Name for Accountant Contact
99,AccountingEntries_EntityInformation_AccountantInformation,ContactStructure,        bus:accountantContactFirstName,FirstName,string,null,FALSE,First or Given Name for Accountant Contact
100,AccountingEntries_EntityInformation_AccountantInformation,ContactStructure,        bus:accountantContactSuffix,Suffix,string,null,FALSE,Suffix   e.g. MD&comma; CPA&comma; Jr.&comma; etc.
101,AccountingEntries_EntityInformation_AccountantInformation,ContactStructure,        bus:accountantContactAttentionLine,AttentionLine,string,null,FALSE,Attention Line for Accountant Contact
102,AccountingEntries_EntityInformation_AccountantInformation,ContactStructure,        bus:accountantContactPositionRole,PositionRole,string,null,FALSE,Position or Role for Accountant Contact
103,AccountingEntries_EntityInformation_AccountantInformation,ContactStructure,        bus:accountantContactPhone,PhoneStructure,,TRUE,FALSE,Phone Number for Accountant Contact
104,AccountingEntries_EntityInformation_AccountantInformation_ContactStructure,PhoneStructure,          bus:accountantContactPhoneNumberDescription,Description,token,null,FALSE,Accountant Contact Phone Number Description such as Main&comma; Investor relations&comma; etc. Enumerated as: bookkeeper&comma; controller&comma; direct&comma; fax&comma; investor-relations&comma; main&comma; switchboard&comma; other.
105,AccountingEntries_EntityInformation_AccountantInformation_ContactStructure,PhoneStructure,          bus:accountantContactPhoneNumber,PhoneNumber,string,null,FALSE,Accountant Contact phone number referred to in the description.
106,AccountingEntries_EntityInformation_AccountantInformation,ContactStructure,        bus:accountantContactFax,FaxStructure,,TRUE,FALSE,Accountant Contact Fax Number Structure
107,AccountingEntries_EntityInformation_AccountantInformation_ContactStructure,FaxStructure,          bus:accountantContactFaxNumber,Usage,string,null,FALSE,Accountant Contact Fax Number
108,AccountingEntries_EntityInformation_AccountantInformation_ContactStructure,FaxStructure,          bus:accountantContactFaxNumberUsage,FaxNumber,string,null,FALSE,Accountant Contact Fax Number Usage   e.g. orders&comma; head office&comma; IR
109,AccountingEntries_EntityInformation_AccountantInformation,ContactStructure,        bus:accountantContactEmail,EmailStructure,,TRUE,FALSE,Accountant contact E-mail address structure
110,AccountingEntries_EntityInformation_AccountantInformation_ContactStructure,EmailStructure,          bus:accountantContactEmailAddressUsage,Usage,string,null,FALSE,Accountant Contact email address usage   e.g. orders&comma; head office&comma; IR
111,AccountingEntries_EntityInformation_AccountantInformation_ContactStructure,EmailStructure,          bus:accountantContactEmailAddress,EmailAddress,string,null,FALSE,Accountant Contact email address
112,AccountingEntries_EntityInformation_AccountantInformation,ContactStructure,        bus:accountantContactType,Type,string,null,FALSE,Contact Type for Accountant Contact
113,AccountingEntries_EntityInformation_AccountantInformation,ContactStructure,        bus:accountantLocationIdentifierCrossReference,IdentifierCrossreference,string,null,FALSE,This code is used to associate the contact with a specific location for the Accountant. Its value should be the same as that of the accountantAddressLocationIdentifier
114,AccountingEntries_EntityInformation_AccountantInformation,ContactStructure,        bus:accountantContactActive,Active,boolean,null,FALSE,Boolean to indicate whether the contact is active   =&quot;true&quot; or inactive   =&quot;false&quot;
115,AccountingEntries,EntityInformation,    bus:reportingCalendar,ReportingCalendar,,TRUE,FALSE,A tool to collect the periods used to summarise results from transactions.
116,AccountingEntries_EntityInformation,ReportingCalendar,      bus:reportingCalendarCode,Code,string,null,FALSE,The code used to identify this specific reporting calendar&comma; unique across periods
117,AccountingEntries_EntityInformation,ReportingCalendar,      bus:reportingCalendarDescription,CodeDescription,string,null,FALSE,A description of the reporting calendar   associated with the reportingCalendarCode given
118,AccountingEntries_EntityInformation,ReportingCalendar,      bus:reportingCalendarTitle,Title,string,null,FALSE,A description of the reporting period. The actual beginning and ending dates are found within the &apos;reportingCalendarPeriod&apos; structure
119,AccountingEntries_EntityInformation,ReportingCalendar,      bus:reportingCalendarPeriod,Type,token,null,FALSE,A tool to collect a specific set of periods used to summarize results from transactions.
120,AccountingEntries_EntityInformation,ReportingCalendar,      bus:reportingCalendarPeriodTypeDescription,TypeDescription,string,null,FALSE,A description of the type of period involved.
121,AccountingEntries_EntityInformation,ReportingCalendar,      bus:reportingCalendarOpenClosedStatus,OpenClosedStatus,token,null,FALSE,An identifier on whether the reporting calendar is still open for activity. enumerated&comma; &quot;open&quot;&comma; &quot;closed&quot;&comma; &quot;pending&quot;
122,AccountingEntries_EntityInformation,ReportingCalendar,      bus:reportingPurpose,Purpose,token,null,FALSE,A description of the accounting set of books involved. Uses enumeration from accounting method purpose.
123,AccountingEntries_EntityInformation,ReportingCalendar,      bus:reportingPurposeDescription,PurposeDescription,string,null,FALSE,Free format description of the reporting purpose
124,AccountingEntries_EntityInformation,ReportingCalendar,      bus:reportingCalendarPeriodType,ReportingCalendarperiod,,TRUE,FALSE,A code for the type of period involved. Enumerated as: monthly&comma; quarterly&comma; semi-annually&comma; 4-5-4&comma; ad-hoc&comma; other.
125,AccountingEntries_EntityInformation_ReportingCalendar,ReportingCalendarperiod,        bus:periodIdentifier,Identifier,string,null,FALSE,An identifier for this period in this calendar
126,AccountingEntries_EntityInformation_ReportingCalendar,ReportingCalendarperiod,        bus:periodDescription,Description,string,null,FALSE,A description of this specific reporting period in this calendar.
127,AccountingEntries_EntityInformation_ReportingCalendar,ReportingCalendarperiod,        bus:periodStart,PeriodStart,dateTime,null,FALSE,The beginning date/time of a period
128,AccountingEntries_EntityInformation_ReportingCalendar,ReportingCalendarperiod,        bus:periodEnd,PeriodEnd,dateTime,null,FALSE,The ending date/time of a period
129,AccountingEntries_EntityInformation_ReportingCalendar,ReportingCalendarperiod,        bus:periodClosedDate,ClosedDate,dateTime,null,FALSE,The date/time a period has been closed for activity. If this is present with a nill value   xsi:nill=&quot;true&quot; then the period is not closed.
130,,AccountingEntries,  cor:entryHeader,EntryHeader,,TRUE,FALSE,Parent for entry headers/journal entry headers.
131,AccountingEntries,EntryHeader,    cor:postedDate,PostedDate,dateTime,null,FALSE,Date this entry was posted   validated to the general ledger. May not represent the date of accounting significance which is represented by &apos;postingDate&apos;.
132,AccountingEntries,EntryHeader,    cor:enteredBy,EnteredBy,string,null,FALSE,Initials/name of operator originally entering.
133,AccountingEntries,EntryHeader,    bus:enteredByModified,ModifiedBy,string,null,FALSE,Identification for the last person modifying this entry before posting.
134,AccountingEntries,EntryHeader,    cor:enteredDate,EnteredDate,dateTime,null,FALSE,Represents the actual date/time of entry into computer   automated from system date&comma; often misrepresented by changing system clock. Posting dates are maintained separately. 
135,AccountingEntries,EntryHeader,    bus:entryResponsiblePerson,ApprovedBy,string,null,FALSE,Identifier of person who created or originated or is otherwise responsible for the entry.
136,AccountingEntries,EntryHeader,    cor:sourceJournalID,SourceJournalID,token,null,FALSE,Source journal. The code of the journal in which the entry is processed.  The code must be a unique indication for a journal and is selected from the following enumerated list:  cd      cash disbursements   sending cheques to vendors cr      cash receipts   receiving cheques from others fa      fixed assets  gi      giro/other bank adjustments gj      general journal im      inventory management  jc      job cost  pj      purchase journal  liabilities from purchases  pl      payroll journal sj      sales journal se      standard entries  ud      user defined  ot      other sources of entries
137,AccountingEntries,EntryHeader,    bus:sourceJournalDescription,SourceJournalDescription,string,null,FALSE,Source journal   full description of general journal&comma; payroll journal&comma; accountant entries. A more easily readable journal indication. The most common journals are: Purchases&comma; Sales&comma; Cash&comma; and General Journal.
138,AccountingEntries,EntryHeader,    cor:entryType,EntryType,token,null,FALSE,One of the following enumerated list: adjusting&comma; budget&comma; comparative&comma; external-accountant&comma; standard&comma; passed-adjusting&comma; eliminating&comma; proposed&comma; recurring&comma; reclassifying&comma; simulated&comma; tax&comma; other
139,AccountingEntries,EntryHeader,    bus:entryOrigin,EntryOrigin,string,null,FALSE,Origin of entry: accrual&comma; manual entry&comma; imported entry&comma; exchange gain or loss
140,AccountingEntries,EntryHeader,    cor:entryNumber,EntryNumber,string,null,FALSE,Identifier within source journal
141,AccountingEntries,EntryHeader,    cor:entryComment,EntryComment,string,null,FALSE,Description of entry described by this entry header   e.g. Opening Balance
142,AccountingEntries,EntryHeader,    cor:qualifierEntry,QualifierEntry,token,null,FALSE,Entry Qualifier - An enumerated field that qualifies the type of entry&comma; specifically useful for general ledger and trial balance environments when it is important to state the values represented are summarized as of the reporting date - opening or closing balances. In accounting systems&comma; this is often known as BBF   balance brought forward. Permitted values are: standard&comma; balance-brought-forward and other.
143,AccountingEntries,EntryHeader,    cor:qualifierEntryDescription,QualifierEntryDescription,string,null,FALSE,Free format description of the entry qualifier
144,AccountingEntries,EntryHeader,    bus:postingCode,PostingCode,string,null,FALSE,Code for posting to period&comma; e.g.&comma; period 1-13&comma; based on codes in an accounting period file. We do not recommend that software vendors export here&comma; but suggest providing period end numbers for the buckets. Possibilities W1 through W53&comma; M1 through M13&comma; Q1-Q4. Developers and others creating output files are encouraged to supply an actual end date.
145,AccountingEntries,EntryHeader,    bus:batchID,BatchID,string,null,FALSE,ID for a batch for this group of entries
146,AccountingEntries,EntryHeader,    bus:batchDescription,BatchDescription,string,null,FALSE,Description of this batch
147,AccountingEntries,EntryHeader,    bus:numberOfEntries,NumberOfEntries,integer,null,FALSE,The total number of entries.
148,AccountingEntries,EntryHeader,    bus:totalDebit,TotalDebit,monetary,null,FALSE,The total of all debit amounts.
149,AccountingEntries,EntryHeader,    bus:totalCredit,TotalCredit,monetary,null,FALSE,The total of all credit amounts.
150,AccountingEntries,EntryHeader,    cor:bookTaxDifference,BookTaxDifference,token,null,FALSE,Enumerated field with possible values of permanent&comma; temporary or none indicating the type of difference between book and tax accounting methods. Omission of this field is equivalent to &quot;none&quot;
151,AccountingEntries,EntryHeader,    bus:eliminationCode,EliminationCode,string,null,FALSE,Informs destination ledger this is an intracompany entry which eliminates in consolidation
152,AccountingEntries,EntryHeader,    bus:budgetScenarioPeriodStart,BudgetScenarioPeriodStart,dateTime,null,FALSE,Start of period covered by associated budgetScenario
153,AccountingEntries,EntryHeader,    bus:budgetScenarioPeriodEnd,BudgetScenarioPeriodEnd,dateTime,null,FALSE,End of period covered by associated budgetScenario
154,AccountingEntries,EntryHeader,    bus:budgetScenarioText,BudgetScenarioText,string,null,FALSE,Text related to budgetScenario
155,AccountingEntries,EntryHeader,    bus:budgetScenario,BudgetScenario,string,null,FALSE,Code for a budget scenario identifier   such as PB for &apos;preliminary budget&apos;&comma; or RB for &apos;revised budget&apos;&comma; or other identifier for entryType
156,AccountingEntries,EntryHeader,    bus:budgetAllocationCode,BudgetAllocationCode,token,null,FALSE,Code associated with the calculation formula: e.g.   Divide by number of periods&comma;   Total for period given
157,AccountingEntries,EntryHeader,    usk:reversingStdId,ReversingStdId,string,null,FALSE,For standard&comma; reversing&comma; master&comma; cancelling or other entries an ID associated with those entries.
158,AccountingEntries,EntryHeader,    usk:recurringStdDescription,RecurringStdDescription,string,null,FALSE,Description to accompany standard or recurring ID
159,AccountingEntries,EntryHeader,    usk:frequencyInterval,FrequencyInterval,decimal,null,FALSE,For standard or recurring journals&comma; how often entry may be made: every frequencyInterval frequencyUnit&comma; such as every 7   interval days   unit or every 1   interval quarter   unit. This field represents the interval.
160,AccountingEntries,EntryHeader,    usk:frequencyUnit,FrequencyUnit,string,null,FALSE,For standard or recurring journals&comma; how often entry may be made: every frequencyInterval frequencyUnit&comma; such as every 7   interval days   unit or every 1   interval quarter   unit. This field represents the unit.
161,AccountingEntries,EntryHeader,    usk:repetitionsRemaining,RepetitionsRemaining,integer,null,FALSE,Number of times that the recurring entry will repeat
162,AccountingEntries,EntryHeader,    usk:nextDateRepeat,NextDateRepeat,dateTime,null,FALSE,Date next repeated or standard posted
163,AccountingEntries,EntryHeader,    usk:lastDateRepeat,LastDateRepeat,dateTime,null,FALSE,Date last repeated or standard posted
164,AccountingEntries,EntryHeader,    usk:endDateRepeatingEntry,EndDateRepeatingEntry,dateTime,null,FALSE,For standard or recurring journals&comma; stop date/time for repetitive entry.
165,AccountingEntries,EntryHeader,    usk:reverse,Reverse,boolean,null,FALSE,Should entry be reversed?
166,AccountingEntries,EntryHeader,    usk:reversingDate,ReversingDate,dateTime,null,FALSE,Date this entry should be reversed
167,AccountingEntries,EntryHeader,    cor:entryNumberCounter,EntryNumberCounter,decimal,null,FALSE,Unique reference for the entry - a numeric counter
168,AccountingEntries,EntryHeader,    cor:entryDetail,EntryDetail,,TRUE,FALSE,Parent for entry detail
169,AccountingEntries_EntryHeader,EntryDetail,      cor:lineNumber,LineNumber,string,null,FALSE,Identifier for a particular entry detail
170,AccountingEntries_EntryHeader,EntryDetail,      cor:lineNumberCounter,LineNumberCounter,decimal,null,FALSE,Unique reference for the line - a numeric counter
171,AccountingEntries_EntryHeader,EntryDetail,      cor:account,AccountMainStructure,,TRUE,FALSE,Tuple: parent container for account numbers and identifiers. No entry is made here&comma; but each detail line may have multiple accounts assigned to it for reporting in different GAAPs&comma; offsetting accounts in Japan&comma; passing along information to consolidation systems about local versus consolidating accounts&comma; etc. For example&comma; the account 4783HG-QOWI-192837-1000 may be expressed so: /account/accountMainID 1000 /account/accountMainDescription Cash  /account/accountSub/accountSubID 4783HG /account/accountSub/accountSubDescription Department  /account/accountSub/accountSubID QOWI /account/accountSub/accountSubDescription Branch  /account/accountSub/accountSubID 192837 /account/accountSub/accountSubDescription Division
172,AccountingEntries_EntryHeader_EntryDetail,AccountMainStructure,        cor:accountMainID,AccountMainID,string,null,FALSE,Main account - the code used to identify the accounting bucket the entry has been assigned to. Examples might be 1000 for Cash&comma; 567GAAZ for Sales Expense or Z for tax payments. Identifiers such as department&comma; branch&comma; division&comma; manager&comma; or other modifiers are noted in the Subaccount area. Before needing to post&comma; account is not necessary. Posting to the general ledger almost always requires an entry here.
173,AccountingEntries_EntryHeader_EntryDetail,AccountMainStructure,        cor:accountMainDescription,AccountMainDescription,string,null,FALSE,Description of accountMainID - the human readable describer that accompanies the code used in accountMainID
174,AccountingEntries_EntryHeader_EntryDetail,AccountMainStructure,        cor:mainAccountType,AccountMainType,token,null,FALSE,Account type - FASB Concepts 6 and similar international designs. When xbrlInfo is used to associated other XBRL reporting items&comma; this field is more suited to representing existing systems   audit than data interchange. Enumerated as: asset&comma; liability&comma; equity&comma; income&comma; gain&comma; expense&comma; loss&comma; contr-to-equity&comma; distr-from-equity&comma; comprehensive-income&comma; other.
175,AccountingEntries_EntryHeader_EntryDetail,AccountMainStructure,        cor:mainAccountTypeDescription,AccountMainTypeDescription,string,null,FALSE,Free format description of the account classification
176,AccountingEntries_EntryHeader_EntryDetail,AccountMainStructure,        cor:parentAccountMainID,ParentAccountMainID,string,null,FALSE,Roll up item from child natural account to parent natural account.
177,AccountingEntries_EntryHeader_EntryDetail,AccountMainStructure,        cor:accountPurposeCode,AccountPurposeCode,token,null,FALSE,Code related to usage for account aggregate - Consolidating&comma; European&comma; IFRS&comma; Offsetting&comma; Primary&comma; Tax&comma; USGAAP&comma; Japanese&comma; Other. Japanese companies will use this for the tax required offsetting entry. If left blank&comma; assumes default accounting method for company.
178,AccountingEntries_EntryHeader_EntryDetail,AccountMainStructure,        cor:accountPurposeDescription,AccountPurposeDescription,string,null,FALSE,Description of usage for aggregate account
179,AccountingEntries_EntryHeader_EntryDetail,AccountMainStructure,        cor:accountType,AccountType,token,null,FALSE,Type of account. Enumerated as: account&comma; bank&comma; employee&comma; customer&comma; job&comma; vendor&comma; measurable&comma; statistical&comma; other.
180,AccountingEntries_EntryHeader_EntryDetail,AccountMainStructure,        cor:accountTypeDescription,AccountTypeDescription,string,null,FALSE,Free format description of the account type
181,AccountingEntries_EntryHeader_EntryDetail,AccountMainStructure,        bus:entryAccountingMethod,EntryAccountingMethod,token,null,FALSE,For this entry&comma; the method of accounting represented - from: accrual&comma; cash&comma; modified cash&comma; modified accrual&comma; encumbrance&comma; special methods&comma; hybrid methods&comma; other
182,AccountingEntries_EntryHeader_EntryDetail,AccountMainStructure,        bus:entryAccountingMethodDescription,EntryAccountingMethodDescription,string,null,FALSE,Free format description of the entry accounting method
183,AccountingEntries_EntryHeader_EntryDetail,AccountMainStructure,        bus:entryAccountingMethodPurpose,EntryAccountingMethodPurpose,token,null,FALSE,For this entry&comma; the reporting purpose represented - from book&comma; tax&comma; management&comma; statutory&comma; other
184,AccountingEntries_EntryHeader_EntryDetail,AccountMainStructure,        bus:entryAccountingMethodPurposeDescription,EntryAccountingMethodPurposeDescription,string,null,FALSE,Free format description of the entry accounting method purpose
185,AccountingEntries_EntryHeader_EntryDetail,AccountMainStructure,        cor:accountSub,AccountSubStructure,,TRUE,FALSE,Tuple to hold multiple accountSubIDs and Descriptions
186,AccountingEntries_EntryHeader_EntryDetail_AccountMainStructure,AccountSubStructure,          cor:accountSubDescription,AccountSubDescription,string,null,FALSE,The description that accompanies accountSubID belongs here.
187,AccountingEntries_EntryHeader_EntryDetail_AccountMainStructure,AccountSubStructure,          cor:accountSubID,AccountSubID,string,null,FALSE,Where the primary account was placed in accountMainID&comma; the code used for each profit center&comma; division&comma; business unit&comma; fund&comma; program&comma; branch&comma; project&comma; class&comma; su-class or other modifier is placed here.
188,AccountingEntries_EntryHeader_EntryDetail_AccountMainStructure,AccountSubStructure,          cor:accountSubType,AccountSubType,token,null,FALSE,Type of sub-account - profit center&comma; division&comma; business unit&comma; fund&comma; program&comma; branch&comma; project&comma; class&comma; su-class or other modifier is placed here. For example: Accountability center: Business unit: Class:Department: Project: Fund: Program:Job: Profit center: Branch: Setup class: Division: Unit
189,AccountingEntries_EntryHeader_EntryDetail_AccountMainStructure,AccountSubStructure,          cor:segmentParentTuple,ParentSubaccount,,TRUE,FALSE,Tuple for showing the detail necessary to roll up from one segment   type of subaccount to another.
190,AccountingEntries_EntryHeader_EntryDetail_AccountMainStructure,ParentSubaccount,            cor:parentSubaccountCode,Code,string,null,FALSE,Subaccount NUMBER this subaccount rolls up to - see also subaccount type it rolls up to.
191,AccountingEntries_EntryHeader_EntryDetail_AccountMainStructure_AccountSubStructure,ParentSubaccount,            cor:parentSubaccountType,Type,string,null,FALSE,The describer of the segment this subaccount rolls up to.
192,AccountingEntries_EntryHeader_EntryDetail_AccountMainStructure_AccountSubStructure,ParentSubaccount,            cor:reportingTreeIdentifier,reportingTreeIdentifier,string,null,FALSE,Used for representing descriptions of reporting trees.
193,AccountingEntries_EntryHeader_EntryDetail_AccountMainStructure_AccountSubStructure,ParentSubaccount,            cor:parentSubaccountProportion,Proportion,pure,null,FALSE,For partial allocations of amounts to different parents&comma; the percentage of a child that will be allocated to a parent.
194,AccountingEntries_EntryHeader_EntryDetail,AccountMainStructure,        cor:accountActive,Active,boolean,null,FALSE,Boolean to indicate whether the account is active   =&quot;true&quot; or inactive   =&quot;false&quot;
195,AccountingEntries_EntryHeader,EntryDetail,      cor:amount,amount,monetary,null,FALSE,This field   amount represents the primary monetary amount related to the  subject of the entryDetail line.  There is one primary monetary amount per entryDetail structure. It may&comma; for example&comma; represent the amount of one line of a journal entry&comma; the balance on a document&comma; or the extended amount of a line item on an invoice.   Amount is not required if detailed entry is used for non-financial work and other elements are populated&comma; in particular measurableQuantity.   The amount field is a signed number   either positive or negative itself and used in conjunction with a separate signOfAmount and a separate debitCreditCode&comma; which together are considered for understanding the monetary amount.  The unit of measure is determined by amountCurrency if present&comma; and by the default or home currency if amountCurrency is not present.
196,AccountingEntries_EntryHeader,EntryDetail,      muc:amountCurrency,amountCurrency,QName,null,FALSE,The currency related to the amount can be entered here instead of the XBRL instance specified way&comma; especially important in multi-currency situations.   Recommend ISO 4217 coding.
197,AccountingEntries_EntryHeader,EntryDetail,      muc:amountOriginalAmount,amountOriginalAmount,monetary,null,FALSE,Amount in original   as opposed to home currency&comma; for multi-currency tracking. 
198,AccountingEntries_EntryHeader,EntryDetail,      muc:amountOriginalCurrency,amountOriginalCurrency,QName,null,FALSE,The currency used to track original&comma; as opposed to home&comma; amounts. Recommended ISO 4217 coding.
199,AccountingEntries_EntryHeader,EntryDetail,      muc:amountOriginalExchangeRate,amountOriginalExchangeRate,pure,null,FALSE,Exchange rate at time of original transaction   expressed as national currency divided by original currency
200,AccountingEntries_EntryHeader,EntryDetail,      muc:amountOriginalExchangeRateDate,amountOriginalExchangeRateDate,dateTime,null,FALSE,Date of exchange rate used to record the original transaction.
201,AccountingEntries_EntryHeader,EntryDetail,      muc:amountOriginalExchangeRateSource,amountOriginalExchangeRateSource,string,null,FALSE,Source of Exchange Rate - for example&comma; Reuters&comma; Bloomberg
202,AccountingEntries_EntryHeader,EntryDetail,      muc:amountOriginalExchangeRateComment,amountOriginalExchangeRateComment,string,null,FALSE,Comment about exchange rate used for recording original transaction.
203,AccountingEntries_EntryHeader,EntryDetail,      muc:amountOriginalTriangulationAmount,amountOriginalTriangulationAmount,monetary,null,FALSE,If triangulation is used&comma; amount in triangulation currency&comma; for multi-currency tracking. Debit is entered as positive&comma; credit as negative.
204,AccountingEntries_EntryHeader,EntryDetail,      muc:amountOriginalTriangulationCurrency,amountOriginalTriangulationCurrency,QName,null,FALSE,The currency used for triangulation&comma; if used. May often be EUR or USD. Recommended ISO 4217 coding.
205,AccountingEntries_EntryHeader,EntryDetail,      muc:amountOriginalTriangulationExchangeRate,amountOriginalTriangulationExchangeRate,pure,null,FALSE,Exchange rate between national currency and triangulation currency at time of original transaction   expressed as national currency divided by triangulation currency
206,AccountingEntries_EntryHeader,EntryDetail,      muc:amountOriginalTriangulationExchangeRateSource,amountOriginalTriangulationExchangeRateSource,string,null,FALSE,Source of Exchange Rate for triangulation amount at time of original transaction - for example&comma; Reuters&comma; Bloomberg
207,AccountingEntries_EntryHeader,EntryDetail,      muc:amountOriginalTriangulationExchangeRateType,amountOriginalTriangulationExchangeRateType,string,null,FALSE,Type of Exchange Rate for triangulation amount at time of original transaction - for example&comma; spot rate&comma; forward contract etc.
208,AccountingEntries_EntryHeader,EntryDetail,      muc:originalTriangulationExchangeRate,originalTriangulationExchangeRate,pure,null,FALSE,Exchange rate between original currency and triangulation currency at time of original transaction   expressed as original currency divided by triangulation currency
209,AccountingEntries_EntryHeader,EntryDetail,      muc:originalExchangeRateTriangulationSource,originalExchangeRateTriangulationSource,string,null,FALSE,Source of Exchange Rate for triangulation from original currency to triangulation currency at time of original transaction - for example&comma; Reuters&comma; Bloomberg
210,AccountingEntries_EntryHeader,EntryDetail,      muc:originalExchangeRateTriangulationType,originalExchangeRateTriangulationType,string,null,FALSE,Type of Exchange Rate for triangulation from original currency to triangulation currency at time of original transaction - for example&comma; spot rate&comma; forward contract etc.
211,AccountingEntries_EntryHeader,EntryDetail,      cor:signOfAmount,signOfAmount,token,null,FALSE,Sign of amount; provides 4 possible fields only when used in conjunction with debitCreditCode; primarily used for correcting entries so total debits and credits after an entry error are not inflated. D + increase DebitsD - decrease debitsC + decreases creditC - increases credit
212,AccountingEntries_EntryHeader,EntryDetail,      cor:debitCreditCode,debitCreditCode,token,null,FALSE,Optional identifier of whether the amount is a   Debit&comma; a   Credit or Undefined
213,AccountingEntries_EntryHeader,EntryDetail,      cor:postingDate,postingDate,dateTime,null,FALSE,At the detail level&comma; this represents the accounting significance date. No matter what date the document is received&comma; entered&comma; or posted&comma; this signifies the accounting date of the entry. If you want to see the financial results for March 5&comma; 2002 and this entry is given that date&comma; the entry will be part of the results for March 5&comma; 2002. This is different from the postedDate found at the entryHeader level. If you want the accounting significance to be a particular date&comma; it goes here. A single entry could represent multiple dates&comma; but would only be posted on one date.
214,AccountingEntries_EntryHeader,EntryDetail,      bus:amountMemo,amountMemo,boolean,null,FALSE,A boolean like entry that indicates whether an entryDetail line has been provided solely to provide additional details and that tools should not consider the amount in postings.
215,AccountingEntries_EntryHeader,EntryDetail,      bus:allocationCode,allocationCode,string,null,FALSE,A code that is tied to the Enterprise&apos;s allocation system.
216,AccountingEntries_EntryHeader,EntryDetail,      muc:multicurrencyDetail,MulticurrencyDetail,,TRUE,FALSE,Section to provide additional information related to home currencies that differ from original currencies and related exchange rates - typically this will be used to record exchange rates and amounts in currencies and/or on dates other than those of the original transaction. This structure allows recording of exchange rates using a third currency as a triangulation currency. This is often EUR but is not restricted to being so. This structure may be repeated as many times as necessary to record amounts in foreign currencies on the same or different dates.
217,AccountingEntries_EntryHeader_EntryDetail,MulticurrencyDetail,        muc:multicurrencyDetailExchangeRateDate,ExchangeRateDate,dateTime,null,FALSE,Date of exchange rate   other than original transaction date on which amount is expressed as amountRestatedAmount or amountTriangulationAmount
218,AccountingEntries_EntryHeader_EntryDetail,MulticurrencyDetail,        muc:amountRestatedAmount,amountRestatedAmount,monetary,null,FALSE,The amount in the foreign currency identified by amountRestatedCurrency as of multicurrencyDetailExchangeRateDate.
219,AccountingEntries_EntryHeader_EntryDetail,MulticurrencyDetail,        muc:amountRestatedCurrency,amountRestatedCurrency,QName,null,FALSE,The currency in which amountRestatedAmount is expressed. Recommended ISO 4217 coding.
220,AccountingEntries_EntryHeader_EntryDetail,MulticurrencyDetail,        muc:amountRestatedExchangeRate,amountRestatedExchangeRate,pure,null,FALSE,Exchange rate used to convert amountRestatedAmount as of multicurrencyDetailExchangeRateDate   expressed as national currency divided by foreign currency
221,AccountingEntries_EntryHeader_EntryDetail,MulticurrencyDetail,        muc:amountRestatedExchangeRateSource,amountRestatedExchangeRateSource,string,null,FALSE,Source of Exchange Rate for restated amount - for example&comma; Reuters&comma; Bloomberg
222,AccountingEntries_EntryHeader_EntryDetail,MulticurrencyDetail,        muc:amountRestatedExchangeRateType,amountRestatedExchangeRateType,string,null,FALSE,Type of Exchange Rate for restated amount - for example&comma; spot rate&comma; forward contract etc.
223,AccountingEntries_EntryHeader_EntryDetail,MulticurrencyDetail,        muc:amountTriangulationAmount,amountTriangulationAmount,monetary,null,FALSE,The amount in the triangulation currency identified by amountTriangulationCurrency as of multicurrencyDetailExchangeRateDate.
224,AccountingEntries_EntryHeader_EntryDetail,MulticurrencyDetail,        muc:amountTriangulationCurrency,amountTriangulationCurrency,QName,null,FALSE,The currency used for tringulation between amountRestatedCurrency and the home currency. Recommended ISO 4217 coding.
225,AccountingEntries_EntryHeader_EntryDetail,MulticurrencyDetail,        muc:amountTriangulationExchangeRate,amountTriangulationExchangeRate,pure,null,FALSE,Exchange rate used to convert amountTriangulationAmount as of multicurrencyDetailExchangeRateDate   expressed as national currency divided by triangulation currency
226,AccountingEntries_EntryHeader_EntryDetail,MulticurrencyDetail,        muc:amountTriangulationExchangeRateSource,amountTriangulationExchangeRateSource,string,null,FALSE,Source of Exchange Rate for triangulation amount - for example&comma; Reuters&comma; Bloomberg
227,AccountingEntries_EntryHeader_EntryDetail,MulticurrencyDetail,        muc:amountTriangulationExchangeRateType,amountTriangulationExchangeRateType,string,null,FALSE,Type of Exchange Rate for triangulation amount - for example&comma; spot rate&comma; forward contract etc.
228,AccountingEntries_EntryHeader_EntryDetail,MulticurrencyDetail,        muc:restatedTriangulationExchangeRate,restatedTriangulationExchangeRate,pure,null,FALSE,Exchange rate used to convert from amountRestatedAmount to amountTriangulationAmount as of multicurrencyDetailExchangeRateDate   expressed as foreign currency divided by triangulation currency
229,AccountingEntries_EntryHeader_EntryDetail,MulticurrencyDetail,        muc:restatedExchangeRateTriangulationSource,restatedExchangeRateTriangulationSource,string,null,FALSE,Source of Exchange Rate for converting between foreign currency and triangulation currency - for example&comma; Reuters&comma; Bloomberg
230,AccountingEntries_EntryHeader_EntryDetail,MulticurrencyDetail,        muc:restatedExchangeRateTriangulationType,restatedExchangeRateTriangulationType,string,null,FALSE,Type of Exchange Rate for converting between foreign currency and triangulation currency - for example&comma; spot rate&comma; forward contract etc.
231,AccountingEntries_EntryHeader_EntryDetail,MulticurrencyDetail,        muc:multicurrencyDetailComment,Comment,string,null,FALSE,Comment describing the enclosing multicurrencyDetail tuple&apos;s contents. May include reason for recording additional exchange rates other than that used at the time of the original transaction.
232,AccountingEntries_EntryHeader,EntryDetail,      cor:identifierReference,IdentifierStructure,,TRUE,FALSE,Identification for customer&comma; vendor&comma; or employee.
233,AccountingEntries_EntryHeader_EntryDetail,IdentifierStructure,        cor:identifierCode,Code,string,null,FALSE,N/A
234,AccountingEntries_EntryHeader_EntryDetail,IdentifierStructure,        cor:identifierExternalReference,ExternalReference,,TRUE,FALSE,Structure containing references to an external authority associated with identifier
235,AccountingEntries_EntryHeader_EntryDetail_IdentifierStructure,ExternalReference,          cor:identifierAuthorityCode,Code,string,null,FALSE,External Authority   e&comma;g&comma; Tax Authority ID Number associated with identifierReference
236,AccountingEntries_EntryHeader_EntryDetail_IdentifierStructure,ExternalReference,          cor:identifierAuthority,Name,string,null,FALSE,Name of External Authority   e.g. Tax Authority
237,AccountingEntries_EntryHeader_EntryDetail_IdentifierStructure,ExternalReference,          cor:identifierAuthorityVerificationDate,VerificationDate,dateTime,null,FALSE,Date on which the External Authority last performed a verification
238,AccountingEntries_EntryHeader_EntryDetail,IdentifierStructure,        cor:identifierOrganizationType,OrganizationType,token,null,FALSE,Identifier Organization Type. Enumerated as: individual&comma; organization&comma; other.
239,AccountingEntries_EntryHeader_EntryDetail,IdentifierStructure,        cor:identifierOrganizationTypeDescription,OrganizationTypeDescription,string,null,FALSE,Free format description of the identifier organization type
240,AccountingEntries_EntryHeader_EntryDetail,IdentifierStructure,        cor:identifierDescription,Description,string,null,FALSE,Textual description of identifierReference.
241,AccountingEntries_EntryHeader_EntryDetail,IdentifierStructure,        cor:identifierType,Type,token,null,FALSE,Entity type   enumerated: C&comma; customer&comma; E&comma; employee&comma; V&comma; vendor&comma; O&comma; other&comma; I&comma; salesperson-internal&comma; X&comma; salesperson-external&comma; N&comma; contractor.
242,AccountingEntries_EntryHeader_EntryDetail,IdentifierStructure,        cor:identifierCategory,Category,string,null,FALSE,For use as Customer&comma; Vendor or Employee Class   such as Residential/Commercial/Institutional/Government or Retail/Wholesale or other classifications used by business.
243,AccountingEntries_EntryHeader_EntryDetail,IdentifierStructure,        cor:identifierEMail,EmailStructure,,TRUE,FALSE,Email address for Identifier.
244,AccountingEntries_EntryHeader_EntryDetail_IdentifierStructure,EmailStructure,          cor:identifierEmailAddressUsage,Usage,string,null,FALSE,Identifer Email Address Usage   e.g. Orders&comma; Head Office&comma; IR
245,AccountingEntries_EntryHeader_EntryDetail_IdentifierStructure,EmailStructure,          cor:identifierEmailAddress,EmailAddress,string,null,FALSE,Identifer Email Address
246,AccountingEntries_EntryHeader_EntryDetail,IdentifierStructure,        cor:identifierPhoneNumber,PhoneStructure,,TRUE,FALSE,Phone number related to Identifier.
247,AccountingEntries_EntryHeader_EntryDetail_IdentifierStructure,PhoneStructure,          cor:identifierPhoneNumberDescription,Description,token,null,FALSE,Identifier Phone Number Usage   e.g. Main&comma; Investor relations&comma; etc.. Enumerated as: bookkeeper&comma; controller&comma; direct&comma; fax&comma; investor-relations&comma; main&comma; switchboard&comma; other.
248,AccountingEntries_EntryHeader_EntryDetail_IdentifierStructure,PhoneStructure,          cor:identifierPhone,PhoneNumber,string,null,FALSE,Identifier Phone Number
249,AccountingEntries_EntryHeader_EntryDetail,IdentifierStructure,        cor:identifierFaxNumber,FaxStructure,,TRUE,FALSE,Fax number structure related to identifier.
250,AccountingEntries_EntryHeader_EntryDetail_IdentifierStructure,FaxStructure,          cor:identifierFaxNumberUsage,Usage,string,null,FALSE,Identifer Fax Number Usage   e.g. Orders&comma; Head Office&comma; IR
251,AccountingEntries_EntryHeader_EntryDetail_IdentifierStructure,FaxStructure,          cor:identifierFax,FaxNumber,string,null,FALSE,Identifer Fax Number
252,AccountingEntries_EntryHeader_EntryDetail,IdentifierStructure,        bus:identifierPurpose,Purpose,string,null,FALSE,Freeform for codes like purchasing&comma; billing&comma; manufacturing at identifier level.
253,AccountingEntries_EntryHeader_EntryDetail,IdentifierStructure,        bus:identifierAddress,AddressStructure,,TRUE,FALSE,Address   block of customer&comma; vendor&comma; employee for integration purposes&comma; VAT.
254,AccountingEntries_EntryHeader_EntryDetail_IdentifierStructure,AddressStructure,          bus:identifierAddressDescription,Description,string,null,FALSE,For use when the addressee identifier for this address is different than the primary description of the identified party.
255,AccountingEntries_EntryHeader_EntryDetail_IdentifierStructure,AddressStructure,          bus:identifierAddressPurpose,Purpose,string,null,FALSE,Freeform for codes like shipping&comma; billing&comma; mailing at address level.  Allows identification of multiple purpose addresses for each identifier.
256,AccountingEntries_EntryHeader_EntryDetail_IdentifierStructure,AddressStructure,          bus:identifierBuildingNumber,BuildingNumber,string,null,FALSE,Building Number for Identifier Address
257,AccountingEntries_EntryHeader_EntryDetail_IdentifierStructure,AddressStructure,          bus:identifierStreet,Street,string,null,FALSE,Street address.
258,AccountingEntries_EntryHeader_EntryDetail_IdentifierStructure,AddressStructure,          bus:identifierAddressStreet2,Street2,string,null,FALSE,Address Detail for Identifier Address
259,AccountingEntries_EntryHeader_EntryDetail_IdentifierStructure,AddressStructure,          bus:identifierCity,City,string,null,FALSE,City
260,AccountingEntries_EntryHeader_EntryDetail_IdentifierStructure,AddressStructure,          bus:identifierStateOrProvince,StateOrProvince,string,null,FALSE,State or province
261,AccountingEntries_EntryHeader_EntryDetail_IdentifierStructure,AddressStructure,          bus:identifierCountry,Country,string,null,FALSE,Country
262,AccountingEntries_EntryHeader_EntryDetail_IdentifierStructure,AddressStructure,          bus:identifierZipOrPostalCode,ZipOrPostalCode,string,null,FALSE,Zip or other postal code
263,AccountingEntries_EntryHeader_EntryDetail_IdentifierStructure,AddressStructure,          bus:identifierAddressLocationIdentifier,LocationIdentifier,string,null,FALSE,A code used to identify the identifier location and to associate it with contacts
264,AccountingEntries_EntryHeader_EntryDetail,IdentifierStructure,        cor:identifierContactInformationStructure,ContactStructure,,TRUE,FALSE,Identifier Contact Information Structure
265,AccountingEntries_EntryHeader_EntryDetail_IdentifierStructure,ContactStructure,          cor:identifierContactPrefix,Prefix,string,null,FALSE,Prefix   e.g. Dr.&comma; Mr.&comma; Mrs.
266,AccountingEntries_EntryHeader_EntryDetail_IdentifierStructure,ContactStructure,          cor:identifierContactLastName,LastName,string,null,FALSE,Identifier Contact Last or Family Name
267,AccountingEntries_EntryHeader_EntryDetail_IdentifierStructure,ContactStructure,          cor:identifierContactFirstName,FirstName,string,null,FALSE,First or given name
268,AccountingEntries_EntryHeader_EntryDetail_IdentifierStructure,ContactStructure,          cor:identifierContactSuffix,Suffix,string,null,FALSE,Suffix   e.g. MD&comma; CPA&comma; Jr.
269,AccountingEntries_EntryHeader_EntryDetail_IdentifierStructure,ContactStructure,          cor:identifierContactAttentionLine,AttentionLine,string,null,FALSE,Attention Line
270,AccountingEntries_EntryHeader_EntryDetail_IdentifierStructure,ContactStructure,          cor:identifierContactPositionRole,PositionRole,string,null,FALSE,Position or Role
271,AccountingEntries_EntryHeader_EntryDetail_IdentifierStructure,ContactStructure,          cor:identifierContactPhone,PhoneStructure,,TRUE,FALSE,Phone Number
272,AccountingEntries_EntryHeader_EntryDetail_IdentifierStructure_ContactStructure,PhoneStructure,            cor:identifierContactPhoneNumberDescription,Description,token,null,FALSE,Identifier Contact Phone Number Usage   Main&comma; Investor Relations&comma; etc.. Enumerated as: bookkeeper&comma; controller&comma; direct&comma; fax&comma; investor-relations&comma; main&comma; switchboard&comma; other.
273,AccountingEntries_EntryHeader_EntryDetail_IdentifierStructure_ContactStructure,PhoneStructure,            cor:identifierContactPhoneNumber,PhoneNumber,string,null,FALSE,Identifier Contact Phone Number
274,AccountingEntries_EntryHeader_EntryDetail_IdentifierStructure,ContactStructure,          cor:identifierContactFax,FaxStructure,,TRUE,FALSE,Fax Number
275,AccountingEntries_EntryHeader_EntryDetail_IdentifierStructure_ContactStructure,FaxStructure,            cor:identifierContactFaxNumberUsage,Usage,string,null,FALSE,Identifer Contact Fax Number Usage   e.g. Orders&comma; Head Office&comma; IR
276,AccountingEntries_EntryHeader_EntryDetail_IdentifierStructure_ContactStructure,FaxStructure,            cor:identifierContactFaxNumber,FaxNumber,string,null,FALSE,Identifer Contact Fax Number
277,AccountingEntries_EntryHeader_EntryDetail_IdentifierStructure,ContactStructure,          cor:identifierContactEmail,EmailStructure,,TRUE,FALSE,Email Address
278,AccountingEntries_EntryHeader_EntryDetail_IdentifierStructure_ContactStructure,EmailStructure,            cor:identifierContactEmailAddressUsage,Usage,string,null,FALSE,Identifer Contact Email Address Usage   e.g. Orders&comma; Head Office&comma; IR
279,AccountingEntries_EntryHeader_EntryDetail_IdentifierStructure_ContactStructure,EmailStructure,            cor:identifierContactEmailAddress,EmailAddress,string,null,FALSE,Identifer Contact Email Address
280,AccountingEntries_EntryHeader_EntryDetail_IdentifierStructure,ContactStructure,          cor:identifierContactType,Type,string,null,FALSE,Identifier Contact Type
281,AccountingEntries_EntryHeader_EntryDetail_IdentifierStructure,ContactStructure,          bus:identifierLocationIdentifierCrossReference,IdentifierCrossreference,string,null,FALSE,This code is used to associate the contact with a specific location for the Identifier. Its value should be the same as that of the identifierAddressLocationIdentifier 
282,AccountingEntries_EntryHeader_EntryDetail,IdentifierStructure,        cor:identifierActive,Active,boolean,null,FALSE,Boolean to indicate whether the identifier is active   =&quot;true&quot; or inactive   =&quot;false&quot;
283,AccountingEntries_EntryHeader,EntryDetail,      cor:documentType,DocumentType,token,null,FALSE,An enumerated field describing the original source document&comma; with check&comma; debit-memo&comma; credit-memo&comma; finance-charge&comma; invoice&comma; order-customer&comma; order-vendor&comma; payment-other&comma; reminder&comma; tegata&comma; voucher&comma; shipment&comma; receipt&comma; manual-adjustment&comma; other.
284,AccountingEntries_EntryHeader,EntryDetail,      cor:documentTypeDescription,DocumentTypeDescription,string,null,FALSE,Free format description of the document type
285,AccountingEntries_EntryHeader,EntryDetail,      cor:invoiceType,InvoiceType,token,null,FALSE,Invoice Type    self-billed&comma; ePoS enumerated values
286,AccountingEntries_EntryHeader,EntryDetail,      cor:documentNumber,DocumentNumber,string,null,FALSE,Invoice&comma; check&comma; voucher&comma; or other source document identifier
287,AccountingEntries_EntryHeader,EntryDetail,      cor:documentApplyToNumber,DocumentApplyToNumber,string,null,FALSE,Document number of primary invoice number&comma; used to offset payments&comma; debits and credits; for an invoice&comma; usually the same as the documentNumber. When calculating open balance on an invoice&comma; or open amount on payments in advance or not fully applied&comma; this permits calculation of the open item.
288,AccountingEntries_EntryHeader,EntryDetail,      cor:documentReference,DocumentReference,string,null,FALSE,Internal reference for the document above; number assigned internally to track the document
289,AccountingEntries_EntryHeader,EntryDetail,      cor:documentDate,DocumentDate,dateTime,null,FALSE,Date   and less likely in the paper world but possible in the e-world&comma; time on actual document   invoice&comma; voucher&comma; check date. Other dates control posting information.
290,AccountingEntries_EntryHeader,EntryDetail,      bus:documentReceivedDate,DocumentReceivedDate,dateTime,null,FALSE,Date/time document was noted as received   if necessary. Represents actual date received. Posting dates are maintained separately.
291,AccountingEntries_EntryHeader,EntryDetail,      bus:documentChargeReimb,DocumentChargeReimb,string,null,FALSE,Is this entry chargeable to client&comma; reimbursable? Used by some systems to indicate that account on posting/validation should be posted to a customer or vendor&apos;s account.
292,AccountingEntries_EntryHeader,EntryDetail,      bus:documentLocation,DocumentLocation,string,null,FALSE,Document location as URI&comma; file name or other reference. Alternatively&comma; text of document can be placed here.
293,AccountingEntries_EntryHeader,EntryDetail,      bus:paymentMethod,PaymentMethod,string,null,FALSE,Method used or to be used to make the payment
294,AccountingEntries_EntryHeader,EntryDetail,      cor:postingStatus,PostingStatus,token,null,FALSE,deferred: although entered&comma; it cannot be posted until a later time  posted: already posted  proposed: a proposed item that must be approved simulated: a simulated item&comma; for what-if  tax: a tax-specific entry unposted:entered but not yet posted or validated  cancelled:entered and later cancelled other:other status - should be described in postingStatusDescription
295,AccountingEntries_EntryHeader,EntryDetail,      cor:postingStatusDescription,PostingStatusDescription,string,null,FALSE,Free format description of the posting status
296,AccountingEntries_EntryHeader,EntryDetail,      cor:detailComment,DetailComment,string,null,FALSE,Description of this line of detail only
297,AccountingEntries_EntryHeader,EntryDetail,      cor:dateAcknowledged,DateAcknowledged,dateTime,null,FALSE,Date of acknowledgement of goods/services shipped/received.
298,AccountingEntries_EntryHeader,EntryDetail,      cor:confirmedDate,ConfirmedDate,dateTime,null,FALSE,Date of confirmation of shipment/receipt.
299,AccountingEntries_EntryHeader,EntryDetail,      cor:shipFrom,ShipFrom,string,null,FALSE,References organizationAddressLocationIdentifier where used. Otherwise freeform.
300,AccountingEntries_EntryHeader,EntryDetail,      cor:shipReceivedDate,ShipReceivedDate,dateTime,null,FALSE,Date goods/services are shipped/received.
301,AccountingEntries_EntryHeader,EntryDetail,      cor:maturityDate,MaturityDate,dateTime,null,FALSE,Due date or other maturity date.
302,AccountingEntries_EntryHeader,EntryDetail,      cor:terms,Terms,string,null,FALSE,Discount/payment terms.
303,AccountingEntries_EntryHeader,EntryDetail,      bus:measurable,Measurable,,TRUE,FALSE,Parent for information regarding measurable items associated with the enclosing entryDetail line. Primary area used for holding performance measures. Based on needs for tracking inventory transactional detail&comma; but suitable for anything assigned to an &quot;account&quot;&comma; &quot;reporting bucket&quot; or &quot;code&quot;. Can be used to track any movements.
304,AccountingEntries_EntryHeader_EntryDetail,Measurable,        bus:measurableCode,Code,token,null,FALSE,Code for measurable item including BP - Business process&comma; FA - Fixed asset/Capitalized item&comma; IN - Inventory&comma; KPI - Metric&comma; NT - Intangible&comma; SP - Supplies&comma; SV-P - Service by employee&comma; vendor or contractor&comma; SV-M - Service by equipment/machinery&comma; OT - Other
305,AccountingEntries_EntryHeader_EntryDetail,Measurable,        bus:measurableCodeDescription,CodeDescription,string,null,FALSE,Free format description of the measurable code
306,AccountingEntries_EntryHeader_EntryDetail,Measurable,        bus:measurableCategory,Category,string,null,FALSE,Category of the measurable
307,AccountingEntries_EntryHeader_EntryDetail,Measurable,        bus:measurableID,ID,string,null,FALSE,Internal inventory part or SKU number or other code identifier for the measurable.
308,AccountingEntries_EntryHeader_EntryDetail,Measurable,        bus:measurableIDSchema,IDSchema,string,null,FALSE,URI or other identifier for schema with which measurable ID can be validated
309,AccountingEntries_EntryHeader_EntryDetail,Measurable,        bus:measurableIDOther,IDOther,string,null,FALSE,Second identifier   such as vendor&apos;s item number
310,AccountingEntries_EntryHeader_EntryDetail,Measurable,        bus:measurableIDOtherSchema,IDOtherSchema,string,null,FALSE,URI or other identifier for schema with which measurable ID Other can be validated
311,AccountingEntries_EntryHeader_EntryDetail,Measurable,        bus:measurableDescription,Description,string,null,FALSE,Text description of measurable   e.g. inventory item or other identifier
312,AccountingEntries_EntryHeader_EntryDetail,Measurable,        bus:measurableQuantity,Quantity,decimal,null,FALSE,Number of units in this transaction; for non-monetary calculations; can be square footage&comma; number of people&comma; etc.
313,AccountingEntries_EntryHeader_EntryDetail,Measurable,        bus:measurableQualifier,Qualifier,token,null,FALSE,Field that can represent grading&comma; inspection codes&comma; ratings and other qualifiers to properly capture PKI/Balanced Scorecard information
314,AccountingEntries_EntryHeader_EntryDetail,Measurable,        bus:measurableUnitOfMeasure,UnitOfMeasure,string,null,FALSE,Description of unit: e.g. each&comma; case&comma; dozen&comma; etc. ISO standard coding recommended.
315,AccountingEntries_EntryHeader_EntryDetail,Measurable,        bus:measurableCostPerUnit,CostPerUnit,monetary,null,FALSE,Per unit price of the measurable. Although one might expect that measurableQuantity * measurableCostPerUnit = amount&comma; this is not mandated except by external rules sets.
316,AccountingEntries_EntryHeader_EntryDetail,Measurable,        bus:measurableStartDateTime,StartDateTime,dateTime,null,FALSE,Start time of the duration being measured
317,AccountingEntries_EntryHeader_EntryDetail,Measurable,        bus:measurableEndDateTime,EndDateTime,dateTime,null,FALSE,End time of the duration being measured
318,AccountingEntries_EntryHeader_EntryDetail,Measurable,        bus:measurableActive,Active,boolean,null,FALSE,Boolean to indicate whether the measurable is active   =&quot;true&quot; or inactive   =&quot;false&quot;
319,AccountingEntries_EntryHeader,EntryDetail,      bus:jobInfo,JobInfo,,TRUE,FALSE,Tuple for holding job related information&comma; separate from jobs represented in account identifier. Would probably only have one jobinfo tuple for each entry line&comma; but there may be a need to express more than one.
320,AccountingEntries_EntryHeader_EntryDetail,JobInfo,        usk:jobCode,Code,string,null,FALSE,Associated job number or code. This could be built into the account&comma; but many systems maintain a separate job coding system. Use primarily if job identification is a separate system&comma; and not considered part of the chart of accounts.
321,AccountingEntries_EntryHeader_EntryDetail,JobInfo,        usk:jobDescription,Description,string,null,FALSE,Description of job
322,AccountingEntries_EntryHeader_EntryDetail,JobInfo,        usk:jobPhaseCode,PhaseCode,string,null,FALSE,Job code&comma; phase&comma; activity. Allows greater granularity than a simple job number. Although the core only reaches down from job to phases&comma; this can be customized to extend down to cost codes.
323,AccountingEntries_EntryHeader_EntryDetail,JobInfo,        usk:jobPhaseDescription,PhaseDescription,string,null,FALSE,Description of Job code&comma; phase&comma; activity
324,AccountingEntries_EntryHeader_EntryDetail,JobInfo,        usk:jobActive,Active,boolean,null,FALSE,Boolean to indicate whether the job is active   =&quot;true&quot; or inactive   =&quot;false&quot;
325,AccountingEntries_EntryHeader,EntryDetail,      bus:depreciationMortgage,DepreciationMortgage,,TRUE,FALSE,Parent for information related to depreciation&comma; mortgages&comma; etc.
326,AccountingEntries_EntryHeader_EntryDetail,DepreciationMortgage,        bus:dmJurisdiction,Jurisdiction,token,null,FALSE,Jurisdiction   e.g. federal&comma; state&comma; local: e.g. US Federal&comma; Province of Qubec&comma; other identifier. Enumerated as: F&comma; federal&comma; S&comma; state&comma; L&comma; local&comma; other.
327,AccountingEntries_EntryHeader_EntryDetail,DepreciationMortgage,        bus:dmMethodType,MethodType,string,null,FALSE,Type of depreciation method: used for information about the loan percentage for loan or the depreciation method. This is used for informational purposes only. Examples of entries are &quot;20%&quot;&comma; &quot;5 year DDB&quot;   Double Declining Balance.
328,AccountingEntries_EntryHeader_EntryDetail,DepreciationMortgage,        bus:dmLifeLength,LifeLength,decimal,null,FALSE,Length of life in number of periods.
329,AccountingEntries_EntryHeader_EntryDetail,DepreciationMortgage,        bus:dmComment,Comment,string,null,FALSE,Description of each item related to depreciation&comma; mortgage&comma; loan&comma; credit facility&comma; etc.
330,AccountingEntries_EntryHeader_EntryDetail,DepreciationMortgage,        bus:dmStartDate,StartDate,dateTime,null,FALSE,Start of the applicable period of each item related to depreciation&comma; mortgage&comma; loan&comma; credit facility&comma; etc.
331,AccountingEntries_EntryHeader_EntryDetail,DepreciationMortgage,        bus:dmEndDate,EndDate,dateTime,null,FALSE,End of the applicable period of each item related to depreciation&comma; mortgage&comma; loan&comma; credit facility&comma; etc.
332,AccountingEntries_EntryHeader_EntryDetail,DepreciationMortgage,        bus:dmAmount,Amount,monetary,null,FALSE,Amount of a cost or fee charged for a mortgage&comma; loan&comma; credit facility&comma; etc.
333,AccountingEntries_EntryHeader,EntryDetail,      ehm:measurableClassID,measurableClassID,token,null,FALSE,An enumerated code to identify the inventory&comma; fixed asset or other measurable class. Enumerated as: raw material&comma; work-in-process&comma; finished goods&comma; assemblies&comma; supplies&comma; land&comma; building&comma; machinery&comma; furniture&comma; vehicles&comma; other.
334,AccountingEntries_EntryHeader,EntryDetail,      ehm:measurableClassDescription,measurableClassDescription,string,null,FALSE,Free format description associated with gl-ehm:measurableClassID to provide specialization or clarification for the enumerated value of other.
335,AccountingEntries_EntryHeader,EntryDetail,      ehm:costingMethodCode,costingMethodCode,token,null,FALSE,An enumerated code for the inventory   or other measurable costing method. Enumerated as: LIFO&comma; FIFO&comma; average&comma; weighted-average&comma; standard-cost&comma; tax-basis&comma; book-basis&comma; other.
336,AccountingEntries_EntryHeader,EntryDetail,      ehm:costingMethodDescription,costingMethodDescription,string,null,FALSE,Free format description associated with gl-ehm:costingMethodCode to provide specialization of clarification for the enumerated value of other.
337,AccountingEntries_EntryHeader,EntryDetail,      ehm:geospatialCoordinate,geospatialCoordinate,string,null,FALSE,Enter a relevant location for this item. Format can be either: - Degrees&comma; minutes&comma; and seconds   DMS: 4124&apos;12.2 N 210&apos;26.5 E - Degrees and decimal minutes   DMM: 41 24.2028&comma; 2 10.4418  - Decimal degrees   DD: 41.40338&comma; 2.17403
338,AccountingEntries_EntryHeader,EntryDetail,      ehm:serialLot,SerialLot,,TRUE,FALSE,Tuple for holding information about serial numbers or lots   batches. As a tuple&comma; this permits multiple serial numbers or multiple lot number batches within a single gl-cor:measurable structure.
339,AccountingEntries_EntryHeader_EntryDetail,SerialLot,        ehm:serialLotCode,Code,token,null,FALSE,Is this item tracked by serial numbers or lot numbers? A serial number is usually a unique number assigned to a single; a lot or batch number is provided when a batch of items is fungible but must be differentiated from similar items from other batches. Enumerated indicator for serial or lot items. Enumeration are: serial&comma; lot&comma; other&comma; neither. If not included within the tuple&comma; neither is assumed.
340,AccountingEntries_EntryHeader_EntryDetail,SerialLot,        ehm:serialLotDescription,Description,string,null,FALSE,Free format description associated with gl-ehm:serialLotCode to provide specialization and especially to provide clarification for the enumerated value of other in serialLotCode. Examples might be batch or group.
341,AccountingEntries_EntryHeader_EntryDetail,SerialLot,        ehm:serialLotNumber,Number,string,null,FALSE,The holder for that actual serial number or lot   batch number/code assigned to an item or a batch of items.
342,AccountingEntries_EntryHeader_EntryDetail,SerialLot,        ehm:nextSerialLotNumber,nextSerialLotNumber,string,null,FALSE,A field for holding the next expected serial or lot number to be given to future assignments&comma; or for chaining between already assigned items.
343,AccountingEntries_EntryHeader_EntryDetail,SerialLot,        ehm:serialLotQuantity,Quantity,decimal,null,FALSE,The quantity of units in this particular batch. Unit of measure is the gl-bus:measurableUnitofMeasure.
344,AccountingEntries_EntryHeader_EntryDetail,SerialLot,        ehm:serialLotOriginalQuantity,OriginalQuantity,decimal,null,FALSE,The quantity of units in this batch on inception.
345,AccountingEntries_EntryHeader_EntryDetail,SerialLot,        ehm:serialLotRemainingQuantity,RemainingQuantity,decimal,null,FALSE,The remaining quantity of units from the original batch; may be the same as the quantity in this batch or include other batches from the same original batch.
346,AccountingEntries_EntryHeader_EntryDetail,SerialLot,        ehm:serialLotOrigination,Origination,dateTime,null,FALSE,Date of manufacture or creation.
347,AccountingEntries_EntryHeader_EntryDetail,SerialLot,        ehm:serialLotExpiration,Expiration,dateTime,null,FALSE,Expiration date of the batch.
348,AccountingEntries_EntryHeader_EntryDetail,SerialLot,        ehm:serialLotManufacturer,Manufacturer,string,null,FALSE,Manufacturer of the item   serial or items   lot/batch.
349,AccountingEntries_EntryHeader_EntryDetail,SerialLot,        ehm:serialLotBatchDescription,BatchDescription,string,null,FALSE,A name or description of the items in the lot or batch.
350,AccountingEntries_EntryHeader_EntryDetail,SerialLot,        ehm:serialLotWarrantyStartDate,WarrantyStartDate,dateTime,null,FALSE,If the items are covered by warranty&comma; when that warranty covered will begin or has begun.
351,AccountingEntries_EntryHeader_EntryDetail,SerialLot,        ehm:serialLotWarrantyEndDate,WarrantyEndDate,dateTime,null,FALSE,If the items are covered by warranty&comma; when that warranty covered will end or ended.
352,AccountingEntries_EntryHeader_EntryDetail,SerialLot,        ehm:serialLotWarrantyPeriod,WarrantyPeriod,decimal,null,FALSE,Warranty period  numeric portion; for a 30 day warranty period&comma; the 30 would go here&comma; and the day would go in gl-ehm:serialLotWarrantyPeriodUnit.
353,AccountingEntries_EntryHeader_EntryDetail,SerialLot,        ehm:serialLotWarrantyPeriodUnit,WarrantyPeriodUnit,string,null,FALSE,Warrant period  time or cycle unit portion. Values from the XBRL Unit Registry   www.xbrl.org/utr/utr.xml are suggested where possible. Examples might include: H   hours D   days M   months Y   years machine cycles&comma; km   kilometers.
354,AccountingEntries_EntryHeader_EntryDetail,SerialLot,        ehm:serialLotWarrantyVendor,WarrantyVendor,string,null,FALSE,The vendor providing warranty; this may differ from the manufacturer.
355,AccountingEntries_EntryHeader_EntryDetail,SerialLot,        ehm:serialLotWarrantyContract,WarrantyContract,string,null,FALSE,Contract or document information related to the warranty&comma; such as a contract number and date or a URL with more information.
356,AccountingEntries_EntryHeader_EntryDetail,SerialLot,        ehm:serialLotComment,Comment,string,null,FALSE,Free format text related to the serial number or lot.
357,AccountingEntries_EntryHeader,EntryDetail,      cor:taxes,Taxes,,TRUE,FALSE,Tuple for holding tax related information
358,AccountingEntries_EntryHeader_EntryDetail,Taxes,        cor:taxAuthority,Authority,string,null,FALSE,Name of the relevant tax authority
359,AccountingEntries_EntryHeader_EntryDetail,Taxes,        cor:taxTableCode,TableCode,string,null,FALSE,Tax table code used by the relevant tax authority
360,AccountingEntries_EntryHeader_EntryDetail,Taxes,        cor:taxDescription,Description,string,null,FALSE,Description of tax authority
361,AccountingEntries_EntryHeader_EntryDetail,Taxes,        cor:taxAmount,Amount,monetary,null,FALSE,Amount of taxes
362,AccountingEntries_EntryHeader_EntryDetail,Taxes,        cor:taxBasis,Basis,monetary,null,FALSE,Basis for taxation
363,AccountingEntries_EntryHeader_EntryDetail,Taxes,        cor:taxPercentageRate,PercentageRate,pure,null,FALSE,Percent rate for VAT or other taxes normally a number between 0 and 1.0 - e.g. 50% is represented as 0.5
364,AccountingEntries_EntryHeader_EntryDetail,Taxes,        cor:taxCode,Code,string,null,FALSE,A class or category of taxes
365,AccountingEntries_EntryHeader_EntryDetail,Taxes,        cor:taxCommentExemption,CommentExemption,string,null,FALSE,Additional text/code for exemption reasons or other comments.
366,AccountingEntries_EntryHeader_EntryDetail,Taxes,        muc:taxAmountForeignCurrency,AmountForeignCurrency,monetary,null,FALSE,If the tax is in a foreign currency&comma; the amount of tax in that currency
367,AccountingEntries_EntryHeader_EntryDetail,Taxes,        muc:taxCurrency,Currency,QName,null,FALSE,If the tax is in a foreign currency&comma; that currency
368,AccountingEntries_EntryHeader_EntryDetail,Taxes,        muc:taxExchangeRateDate,ExchangeRateDate,dateTime,null,FALSE,If the tax is in a foreign currency&comma; the date or date and time of the exchange rate used
369,AccountingEntries_EntryHeader_EntryDetail,Taxes,        muc:taxExchangeRate,ExchangeRate,pure,null,FALSE,If the tax is in a foreign currency&comma; the exchange rate used expressed as national currency divided by foreign currency
370,AccountingEntries_EntryHeader_EntryDetail,Taxes,        muc:taxExchangeRateSource,ExchangeRateSource,string,null,FALSE,If the tax is in a foreign currency&comma; source of exchange rate - for example&comma; Reuters&comma; Bloomberg
371,AccountingEntries_EntryHeader_EntryDetail,Taxes,        muc:taxExchangeRateType,ExchangeRateType,string,null,FALSE,If the tax is in a foreign currency&comma; type of exchange rate - for example&comma; spot rate&comma; forward contract etc.
372,AccountingEntries_EntryHeader_EntryDetail,Taxes,        muc:taxExchangeRateComment,ExchangeRateComment,string,null,FALSE,If the tax is in a foreign currency&comma; comment about exchange rate used 
373,AccountingEntries_EntryHeader_EntryDetail,Taxes,        muc:taxAmountTriangulationCurrency,AmountTriangulationCurrency,monetary,null,FALSE,If the tax is in a foreign currency and triangulation is used&comma; the amount of that tax in the triangulation currency
374,AccountingEntries_EntryHeader_EntryDetail,Taxes,        muc:taxTriangulationCurrency,TriangulationCurrency,QName,null,FALSE,If the tax is in a foreign currency and triangulation is used&comma; the triangulation currency
375,AccountingEntries_EntryHeader_EntryDetail,Taxes,        muc:taxTriangulationExchangeRate,TriangulationExchangeRate,pure,null,FALSE,If the tax is in a foreign currency and triangulation is used&comma; the exchange rate used expressed as national currency divided by triangulation currency
376,AccountingEntries_EntryHeader_EntryDetail,Taxes,        muc:taxTriangulationExchangeRateSource,TriangulationExchangeRateSource,string,null,FALSE,If the tax is in a foreign currency and triangulation is used&comma; source of exchange rate - for example&comma; Reuters&comma; Bloomberg
377,AccountingEntries_EntryHeader_EntryDetail,Taxes,        muc:taxTriangulationExchangeRateType,TriangulationExchangeRateType,string,null,FALSE,If the tax is in a foreign currency and triangulation is used&comma; type of exchange rate - for example&comma; spot rate&comma; forward contract etc.
378,AccountingEntries_EntryHeader_EntryDetail,Taxes,        muc:taxForeignTriangulationExchangeRate,ForeignTriangulationExchangeRate,pure,null,FALSE,If the tax is in a foreign currency and triangulation is used&comma;  the exchange rate used expressed as foreign currency divided by triangulation currency
379,AccountingEntries_EntryHeader_EntryDetail,Taxes,        muc:taxForeignTriangulationExchangeRateSource,ForeignTriangulationExchangeRateSource,string,null,FALSE,If the tax is in a foreign currency and triangulation is used&comma; source of exchange rate - for example&comma; Reuters&comma; Bloomberg
380,AccountingEntries_EntryHeader_EntryDetail,Taxes,        muc:taxForeignTriangulationExchangeRateType,ForeignTriangulationExchangeRateType,string,null,FALSE,If the tax is in a foreign currency and triangulation is used&comma; type of exchange rate - for example&comma; spot rate&comma; forward contract etc.
381,AccountingEntries_EntryHeader,EntryDetail,      taf:tickingField,TickingField,boolean,null,FALSE,Signifies that an item has been cleared&comma; finished&comma; finalized. When checking accounts are called for&comma; the tick or letter showing this was done appears in this field. Can also be used for identifying that the original document against which a payment or DR/CR memo applies has been reconciled.
382,AccountingEntries_EntryHeader,EntryDetail,      taf:documentRemainingBalance,DocumentRemainingBalance,monetary,null,FALSE,Balance remaining on the document
383,AccountingEntries_EntryHeader,EntryDetail,      taf:uniqueConsignmentReference,UniqueConsignmentReference,string,null,FALSE,Unique Consignment Reference or UCR. An &quot;origin to destination&quot; reference code for international consignments&comma; developed in cooperation with the World Customs Organization and EAN International   EAN.   http://www.wcoomd.org/ie/EN/press/UCR_new_e.pdf
384,AccountingEntries_EntryHeader,EntryDetail,      taf:originatingDocumentStructure,OriginatingDocumentStructure,,TRUE,FALSE,A tool to capture the flow of related documents in the business process. Some needs of end users require a greater history of the documents that are associated with a transaction&comma; especially in the VAT audit area. Contains a repetitive structure of related documents.
385,AccountingEntries_EntryHeader_EntryDetail,OriginatingDocumentStructure,        taf:originatingDocumentType,Type,token,null,FALSE,Originating document type  check&comma; debit-memo&comma; credit-memo&comma; finance-charge&comma; invoice&comma; order-customer&comma; order-vendor&comma; payment-other&comma; reminder&comma; tegata&comma; voucher&comma; shipment&comma; receipt&comma; manual-adjustment&comma; other.
386,AccountingEntries_EntryHeader_EntryDetail,OriginatingDocumentStructure,        taf:originatingDocumentNumber,Number,string,null,FALSE,Originating document number
387,AccountingEntries_EntryHeader_EntryDetail,OriginatingDocumentStructure,        taf:originatingDocumentDate,Date,date,null,FALSE,Originating document date
388,AccountingEntries_EntryHeader_EntryDetail,OriginatingDocumentStructure,        taf:originatingDocumentIdentifierType,IdentifierType,token,null,FALSE,Originating document identifier type. Enumerated as: C&comma; customer&comma; E&comma; employee&comma; V&comma; vendor&comma; O&comma; other&comma; I&comma; salesperson-internal&comma; X&comma; salesperson-external&comma; N&comma; contractor.
389,AccountingEntries_EntryHeader_EntryDetail,OriginatingDocumentStructure,        taf:originatingDocumentIdentifierCode,IdentifierCode,string,null,FALSE,Originating document identifier code
390,AccountingEntries_EntryHeader_EntryDetail,OriginatingDocumentStructure,        taf:originatingDocumentIdentifierTaxCode,IdentifierTaxCode,string,null,FALSE,Originating document identifier tax code