UN02000171		CC	Code. Content	A character string used to represent the type of access rights.	Access Rights Type	Code				1	1	EDIFICASEU_AccessRightsType_D11A.TXT		
UN02000171		SC	Code List. Identifier		Access Rights Type	Code List	Identifier		Identifier	0	1		AccountingE704	
UN02000171		SC	Code List. Agency. Identifier		Access Rights Type	Code List	Agency		Identifier	0	1		210	
UN02000171		SC	Code List. Version. Identifier		Access Rights Type	Code List	Version		Identifier	0	1		D11A	
UN02000171		SC	Code List. Uniform Resource. Identifier		Access Rights Type	Code List	Uniform Resource		Identifier	0	1		http://www.edificas.eu/index.php/eng/Download/Code-lists	
UN02000165		CC	Code. Content	A character string used to represent the type of accounting account balance reopening.	Accounting Account Balance Reopening Type	Code				1	1	EDIFICASEU_AccountingAccountBalanceReopeningType_D11A.TXT		
UN02000165		SC	Code List. Identifier		Accounting Account Balance Reopening Type	Code List	Identifier		Identifier	0	1		AccountingE602	
UN02000165		SC	Code List. Agency. Identifier		Accounting Account Balance Reopening Type	Code List	Agency		Identifier	0	1		210	
UN02000165		SC	Code List. Version. Identifier		Accounting Account Balance Reopening Type	Code List	Version		Identifier	0	1		D11A	
UN02000165		SC	Code List. Uniform Resource. Identifier		Accounting Account Balance Reopening Type	Code List	Uniform Resource		Identifier	0	1		http://www.edificas.eu/index.php/eng/Download/Code-lists	
UN02000161		CC	Code. Content	A character string used to represent the type of accounting account classification.	Accounting Account Classification	Code				1	1	EDIFICASEU_AccountingAccountClassification_D11A.TXT		
UN02000161		SC	Code List. Identifier		Accounting Account Classification	Code List	Identifier		Identifier	0	1		AccountingE902	
UN02000161		SC	Code List. Agency. Identifier		Accounting Account Classification	Code List	Agency		Identifier	0	1		210	
UN02000161		SC	Code List. Version. Identifier		Accounting Account Classification	Code List	Version		Identifier	0	1		D11A	
UN02000161		SC	Code List. Uniform Resource. Identifier		Accounting Account Classification	Code List	Uniform Resource		Identifier	0	1		http://www.edificas.eu/index.php/eng/Download/Code-lists	
UN02000166		CC	Code. Content	A character string used to represent the type of accounting account nature.	Accounting Account Nature Type	Code				1	1	EDIFICASEU_AccountingAccountNatureType_D11A.TXT		
UN02000166		SC	Code List. Identifier		Accounting Account Nature Type	Code List	Identifier		Identifier	0	1		AccountingE502	
UN02000166		SC	Code List. Agency. Identifier		Accounting Account Nature Type	Code List	Agency		Identifier	0	1		210	
UN02000166		SC	Code List. Version. Identifier		Accounting Account Nature Type	Code List	Version		Identifier	0	1		D11A	
UN02000166		SC	Code List. Uniform Resource. Identifier		Accounting Account Nature Type	Code List	Uniform Resource		Identifier	0	1		http://www.edificas.eu/index.php/eng/Download/Code-lists	
UN02000164		CC	Code. Content	A character string used to represent the type of accounting account status.	Accounting Account Status	Code				1	1	EDIFICASEU_AccountingAccountStatus_D11A.TXT		
UN02000164		SC	Code List. Identifier		Accounting Account Status	Code List	Identifier		Identifier	0	1		AccountingE305	
UN02000164		SC	Code List. Agency. Identifier		Accounting Account Status	Code List	Agency		Identifier	0	1		210	
UN02000164		SC	Code List. Version. Identifier		Accounting Account Status	Code List	Version		Identifier	0	1		D11A	
UN02000164		SC	Code List. Uniform Resource. Identifier		Accounting Account Status	Code List	Uniform Resource		Identifier	0	1		http://www.edificas.eu/index.php/eng/Download/Code-lists	
UN02000101		CC	Code. Content	A character string used to represent the type of an accounting account.	Accounting Account Type	Code				1	1	EDIFICASEU_AccountingAccountType_D11A.TXT		
UN02000101		SC	Code List. Identifier		Accounting Account Type	Code List	Identifier		Identifier	0	1		AccountingE501	
UN02000101		SC	Code List. Agency. Identifier		Accounting Account Type	Code List	Agency		Identifier	0	1		210	
UN02000101		SC	Code List. Version. Identifier		Accounting Account Type	Code List	Version		Identifier	0	1		D11A	
UN02000101		SC	Code List. Uniform Resource. Identifier		Accounting Account Type	Code List	Uniform Resource		Identifier	0	1		http://www.edificas.eu/index.php/eng/Download/Code-lists	
UN02000173		CC	Code. Content	A character string used to qualify an accounting amount.	Accounting Amount Qualifier	Code				1	1	EDIFICASEU_AccountingAmountQualifierType_D11A.TXT		
UN02000173		SC	Code List. Identifier		Accounting Amount Qualifier	Code List	Identifier		Identifier	0	1		210	
UN02000173		SC	Code List. Agency. Identifier		Accounting Amount Qualifier	Code List	Agency		Identifier	0	1		210	
UN02000173		SC	Code List. Version. Identifier		Accounting Amount Qualifier	Code List	Version		Identifier	0	1		D11A	
UN02000173		SC	Code List. Uniform Resource. Identifier		Accounting Amount Qualifier	Code List	Uniform Resource		Identifier	0	1		http://www.edificas.eu/index.php/eng/Download/Code-lists	
UN02000102		CC	Code. Content	A character string used to represent the type of accounting amount.	Accounting Amount Type	Code				1	1	EDIFICASEU_AccountingAmountType_D11A.TXT		
UN02000102		SC	Code List. Identifier		Accounting Amount Type	Code List	Identifier		Identifier	0	1		AccountingE601	
UN02000102		SC	Code List. Agency. Identifier		Accounting Amount Type	Code List	Agency		Identifier	0	1		210	
UN02000102		SC	Code List. Version. Identifier		Accounting Amount Type	Code List	Version		Identifier	0	1		D11A	
UN02000102		SC	Code List. Uniform Resource. Identifier		Accounting Amount Type	Code List	Uniform Resource		Identifier	0	1		http://www.edificas.eu/index.php/eng/Download/Code-lists	
UN02000141		CC	Code. Content	A character string used to represent the type of an accounting contact.	Accounting Contact	Code				1	1	EDIFICASEU_AccountingContact_D11A.TXT		
UN02000141		SC	Code List. Identifier		Accounting Contact	Code List	Identifier		Identifier	0	1		AccountingE023	
UN02000141		SC	Code List. Agency. Identifier		Accounting Contact	Code List	Agency		Identifier	0	1		210	
UN02000141		SC	Code List. Version. Identifier		Accounting Contact	Code List	Version		Identifier	0	1		D11A	
UN02000141		SC	Code List. Uniform Resource. Identifier		Accounting Contact	Code List	Uniform Resource		Identifier	0	1		http://www.edificas.eu/index.php/eng/Download/Code-lists	
UN02000103		CC	Code. Content	A character string used to represent the accounting debit or credit sign.	Accounting Debit Credit_ Status	Code				1	1	UNECE_StatusDescriptionCode_Accounting Debit Credit_D19B.TXT		
UN02000103		SC	Code List. Identifier		Accounting Debit Credit_ Status	Code List	Identifier		Identifier	0	1		4405_Accounting Debit Credit	
UN02000103		SC	Code List. Agency. Identifier		Accounting Debit Credit_ Status	Code List	Agency		Identifier	0	1		6	
UN02000103		SC	Code List. Version. Identifier		Accounting Debit Credit_ Status	Code List	Version		Identifier	0	1		D19B	
UN02000103		SC	Code List. Uniform Resource. Identifier		Accounting Debit Credit_ Status	Code List	Uniform Resource		Identifier	0	1		http://www.edificas.eu/index.php/eng/Download/Code-lists	
UN02000160		CC	Code. Content	A character string used to represent the type of accounting document.	Accounting Document Type	Code				1	1	EDIFICASEU_AccountingDocumentType_D11A.TXT		
UN02000160		SC	Code List. Identifier		Accounting Document Type	Code List	Identifier		Identifier	0	1		AccountingE006	
UN02000160		SC	Code List. Agency. Identifier		Accounting Document Type	Code List	Agency		Identifier	0	1		210	
UN02000160		SC	Code List. Version. Identifier		Accounting Document Type	Code List	Version		Identifier	0	1		D11A	
UN02000160		SC	Code List. Uniform Resource. Identifier		Accounting Document Type	Code List	Uniform Resource		Identifier	0	1		http://www.edificas.eu/index.php/eng/Download/Code-lists	
UN02000104		CC	Code. Content	A character string used to represent the category of an accounting entry.	Accounting Entry Category	Code				1	1	EDIFICASEU_AccountingEntryCategory_D11A.TXT		
UN02000104		SC	Code List. Identifier		Accounting Entry Category	Code List	Identifier		Identifier	0	1		AccountingE202	
UN02000104		SC	Code List. Agency. Identifier		Accounting Entry Category	Code List	Agency		Identifier	0	1		210	
UN02000104		SC	Code List. Version. Identifier		Accounting Entry Category	Code List	Version		Identifier	0	1		D11A	
UN02000104		SC	Code List. Uniform Resource. Identifier		Accounting Entry Category	Code List	Uniform Resource		Identifier	0	1		http://www.edificas.eu/index.php/eng/Download/Code-lists	
UN02000105		CC	Code. Content	A character string used to represent the category of a line of an accounting entry.	Accounting Entry Line Category	Code				1	1	EDIFICASEU_AccountingEntryLineCategory_D11A.TXT		
UN02000105		SC	Code List. Identifier		Accounting Entry Line Category	Code List	Identifier		Identifier	0	1		AccountingE203	
UN02000105		SC	Code List. Agency. Identifier		Accounting Entry Line Category	Code List	Agency		Identifier	0	1		210	
UN02000105		SC	Code List. Version. Identifier		Accounting Entry Line Category	Code List	Version		Identifier	0	1		D11A	
UN02000105		SC	Code List. Uniform Resource. Identifier		Accounting Entry Line Category	Code List	Uniform Resource		Identifier	0	1		http://www.edificas.eu/index.php/eng/Download/Code-lists	
UN02000106		CC	Code. Content	A character string used to represent the source of an accounting entry line.	Accounting Entry Line Source	Code				1	1	EDIFICASEU_AccountingEntryLineSource_D11A.TXT		
UN02000106		SC	Code List. Identifier		Accounting Entry Line Source	Code List	Identifier		Identifier	0	1		AccountingE302	
UN02000106		SC	Code List. Agency. Identifier		Accounting Entry Line Source	Code List	Agency		Identifier	0	1		210	
UN02000106		SC	Code List. Version. Identifier		Accounting Entry Line Source	Code List	Version		Identifier	0	1		D11A	
UN02000106		SC	Code List. Uniform Resource. Identifier		Accounting Entry Line Source	Code List	Uniform Resource		Identifier	0	1		http://www.edificas.eu/index.php/eng/Download/Code-lists	
UN02000107		CC	Code. Content	A character string used to represent the processing of an accounting entry.	Accounting Entry Processing	Code				1	1	EDIFICASEU_AccountingEntryProcessing_D11A.TXT		
UN02000107		SC	Code List. Identifier		Accounting Entry Processing	Code List	Identifier		Identifier	0	1		AccountingE201	
UN02000107		SC	Code List. Agency. Identifier		Accounting Entry Processing	Code List	Agency		Identifier	0	1		210	
UN02000107		SC	Code List. Version. Identifier		Accounting Entry Processing	Code List	Version		Identifier	0	1		D11A	
UN02000107		SC	Code List. Uniform Resource. Identifier		Accounting Entry Processing	Code List	Uniform Resource		Identifier	0	1		http://www.edificas.eu/index.php/eng/Download/Code-lists	
UN02000140		CC	Code. Content	A character string used to represent the type of an accounting journal category.	Accounting Journal Category	Code				1	1	EDIFICASEU_AccountingJournalCategory_D11A.TXT		
UN02000140		SC	Code List. Identifier		Accounting Journal Category	Code List	Identifier		Identifier	0	1		AccountingE013	
UN02000140		SC	Code List. Agency. Identifier		Accounting Journal Category	Code List	Agency		Identifier	0	1		210	
UN02000140		SC	Code List. Version. Identifier		Accounting Journal Category	Code List	Version		Identifier	0	1		D11A	
UN02000140		SC	Code List. Uniform Resource. Identifier		Accounting Journal Category	Code List	Uniform Resource		Identifier	0	1		http://www.edificas.eu/index.php/eng/Download/Code-lists	
UN02000139		CC	Code. Content	A character string used to represent the type of an accounting journal.	Accounting Journal	Code				1	1	EDIFICASEU_AccountingJournal_D11A.TXT		
UN02000139		SC	Code List. Identifier		Accounting Journal	Code List	Identifier		Identifier	0	1		AccountingE012	
UN02000139		SC	Code List. Agency. Identifier		Accounting Journal	Code List	Agency		Identifier	0	1		210	
UN02000139		SC	Code List. Version. Identifier		Accounting Journal	Code List	Version		Identifier	0	1		D11A	
UN02000139		SC	Code List. Uniform Resource. Identifier		Accounting Journal	Code List	Uniform Resource		Identifier	0	1		http://www.edificas.eu/index.php/eng/Download/Code-lists	
UN02000174		CC	Code. Content	A character string used to represent the function of an accounting period.	Accounting Period Function	Code				1	1	EDIFICASEU_AccountingPeriodFunctionType_D11A.TXT		
UN02000174		SC	Code List. Identifier		Accounting Period Function	Code List	Identifier		Identifier	0	1		AccountingE703	
UN02000174		SC	Code List. Agency. Identifier		Accounting Period Function	Code List	Agency		Identifier	0	1		210	
UN02000174		SC	Code List. Version. Identifier		Accounting Period Function	Code List	Version		Identifier	0	1		D11A	
UN02000174		SC	Code List. Uniform Resource. Identifier		Accounting Period Function	Code List	Uniform Resource		Identifier	0	1		http://www.edificas.eu/index.php/eng/Download/Code-lists	
UN02000135		CC	Code. Content	A character string used to represent the type of an accounting perquisite.	Accounting Perquisite	Code				1	1	EDIFICASEU_AccountingPerquisite_D11A.TXT		
UN02000135		SC	Code List. Identifier		Accounting Perquisite	Code List	Identifier		Identifier	0	1		AccountingE021	
UN02000135		SC	Code List. Agency. Identifier		Accounting Perquisite	Code List	Agency		Identifier	0	1		210	
UN02000135		SC	Code List. Version. Identifier		Accounting Perquisite	Code List	Version		Identifier	0	1		D11A	
UN02000135		SC	Code List. Uniform Resource. Identifier		Accounting Perquisite	Code List	Uniform Resource		Identifier	0	1		http://www.edificas.eu/index.php/eng/Download/Code-lists	
UN02000109		CC	Code. Content	A character string used to represent a medium containing an accounting voucher.	Accounting Voucher Medium	Code				1	1	EDIFICASEU_AccountingVoucherMedium_D11A.TXT		
UN02000109		SC	Code List. Identifier		Accounting Voucher Medium	Code List	Identifier		Identifier	0	1		AccountingE101	
UN02000109		SC	Code List. Agency. Identifier		Accounting Voucher Medium	Code List	Agency		Identifier	0	1		210	
UN02000109		SC	Code List. Version. Identifier		Accounting Voucher Medium	Code List	Version		Identifier	0	1		D11A	
UN02000109		SC	Code List. Uniform Resource. Identifier		Accounting Voucher Medium	Code List	Uniform Resource		Identifier	0	1		http://www.edificas.eu/index.php/eng/Download/Code-lists	
UN02000110		CC	Code. Content	A character string used to represent the type of an accounting document.	Accounting_ Document	Code				1	1	EDIFICASEU_Document Name Code_Accounting_D19B.TXT		
UN02000110		SC	Code List. Identifier		Accounting_ Document	Code List	Identifier		Identifier	0	1		1001_Accounting	
UN02000110		SC	Code List. Agency. Identifier		Accounting_ Document	Code List	Agency		Identifier	0	1		6	
UN02000110		SC	Code List. Version. Identifier		Accounting_ Document	Code List	Version		Identifier	0	1		D19B	
UN02000110		SC	Code List. Uniform Resource. Identifier		Accounting_ Document	Code List	Uniform Resource		Identifier	0	1		http://www.edificas.eu/index.php/eng/Download/Code-lists	
UN02000020		CC	Code. Content	A character string used to represent a type of acknowledgment.	Acknowledgement	Code				1	1	UNECE_MessageFunctionCodeAcknowledgement_D19B.TXT		
UN02000020		SC	Code List. Identifier		Acknowledgement	Code List	Identifier		Identifier	0	1		1225_Acknowledgement	
UN02000020		SC	Code List. Agency. Identifier		Acknowledgement	Code List	Agency		Identifier	0	1		6	
UN02000020		SC	Code List. Version. Identifier		Acknowledgement	Code List	Version		Identifier	0	1		D19B	
UN02000020		SC	Code. Name. Text		Acknowledgement	Code	Name		Text	0	1			
UN02000163		CC	Code. Content	A character string used to represent the type of additional postponement.	Additional Postponement	Code				1	1	EDIFICASEU_AdditionalPostponement_D11A.TXT		
UN02000163		SC	Code List. Identifier		Additional Postponement	Code List	Identifier		Identifier	0	1		AccountingE904	
UN02000163		SC	Code List. Agency. Identifier		Additional Postponement	Code List	Agency		Identifier	0	1		210	
UN02000163		SC	Code List. Version. Identifier		Additional Postponement	Code List	Version		Identifier	0	1		D11A	
UN02000163		SC	Code List. Uniform Resource. Identifier		Additional Postponement	Code List	Uniform Resource		Identifier	0	1		http://www.edificas.eu/index.php/eng/Download/Code-lists	
UN02000158		CC	Code. Content	A character string used to represent the type of format address.	Address Format Type	Code				1	1	EDIFICASEU_AddressFormatType_D11A.TXT		
UN02000158		SC	Code List. Identifier		Address Format Type	Code List	Identifier		Identifier	0	1		AccountingE011	
UN02000158		SC	Code List. Agency. Identifier		Address Format Type	Code List	Agency		Identifier	0	1		210	
UN02000158		SC	Code List. Version. Identifier		Address Format Type	Code List	Version		Identifier	0	1		D11A	
UN02000158		SC	Code List. Uniform Resource. Identifier		Address Format Type	Code List	Uniform Resource		Identifier	0	1		http://www.edificas.eu/index.php/eng/Download/Code-lists	
UN02000039		CC	Code. Content	A character string used to represent or replace an address type.	Address Type	Code				1	1	UNECE_AddressType_D19B.TXT		
UN02000039		SC	Code List. Identifier		Address Type	Code List	Identifier		Identifier	0	1		3131	
UN02000039		SC	Code List. Agency. Identifier		Address Type	Code List	Agency		Identifier	0	1		6	
UN02000039		SC	Code List. Version. Identifier		Address Type	Code List	Version		Identifier	0	1		D19B	
UN02000039		SC	Code. Name. Text		Address Type	Code	Name		Text	0	1			
UN02000001		CC	Code. Content	A character string used to represent an adjustment reason.	Adjustment Reason	Code				1	1	UNECE_AdjustmentReasonDescriptionCode_D19B.TXT		
UN02000001		SC	Code List. Identifier		Adjustment Reason	Code List	Identifier		Identifier	0	1		4465	
UN02000001		SC	Code List. Agency. Identifier		Adjustment Reason	Code List	Agency		Identifier	0	1		6	
UN02000001		SC	Code List. Version. Identifier		Adjustment Reason	Code List	Version		Identifier	0	1		D19B	
UN02000142		CC	Measure. Content	The numeric value determined by a measurement of air flow.	Air Flow	Measure				1	1			
UN02000142		SC	Measure Unit. Code		Air Flow	Measure Unit	Code		Code	0	1	UNECE_MeasurementUnitCommonCodeAirFlow_4.TXT		
UN02000142		SC	Measure Unit. Code List Version. Identifier		Air Flow	Measure Unit	Code List Version		Identifier	0	1		4	
UN02000134		CC	Code. Content	A character string used to identify a type of allowance or charge.	Allowance Charge Identification	Code				1	1	UNECE_AllowanceChargeID_D19B.TXT		
UN02000134		SC	Code List. Identifier		Allowance Charge Identification	Code List	Identifier		Identifier	0	1		5189	
UN02000134		SC	Code List. Agency. Identifier		Allowance Charge Identification	Code List	Agency		Identifier	0	1		6	
UN02000134		SC	Code List. Version. Identifier		Allowance Charge Identification	Code List	Version		Identifier	0	1		D19B	
UN02000134		SC	Code List. Uniform Resource. Identifier		Allowance Charge Identification	Code List	Uniform Resource		Identifier	0	1			
UN02000118		CC	Code. Content	A character string used to represent an allowance charge reason.	Allowance Charge Reason	Code				1	1	UNECE_AllowanceChargeReasonCode_D19B.TXT		
UN02000118		SC	Code List. Identifier		Allowance Charge Reason	Code List	Identifier		Identifier	0	1		4465	
UN02000118		SC	Code List. Agency. Identifier		Allowance Charge Reason	Code List	Agency		Identifier	0	1		6	
UN02000118		SC	Code List. Version. Identifier		Allowance Charge Reason	Code List	Version		Identifier	0	1		D19B	
UN02000118		SC	Code List. Uniform Resource. Identifier		Allowance Charge Reason	Code List	Uniform Resource		Identifier	0	1			
UN02000111		CC	Code. Content	A character string used to represent the type of an alternate currency amount.	Alternate Currency Amount Type	Code				1	1	EDIFICASEU_AlternateCurrencyAmountType_D11A.TXT		
UN02000111		SC	Code List. Identifier		Alternate Currency Amount Type	Code List	Identifier		Identifier	0	1		AccountingE304	
UN02000111		SC	Code List. Agency. Identifier		Alternate Currency Amount Type	Code List	Agency		Identifier	0	1		210	
UN02000111		SC	Code List. Version. Identifier		Alternate Currency Amount Type	Code List	Version		Identifier	0	1		D11A	
UN02000111		SC	Code List. Uniform Resource. Identifier		Alternate Currency Amount Type	Code List	Uniform Resource		Identifier	0	1		http://www.edificas.eu/index.php/eng/Download/Code-lists	
UN02000137		CC	Code. Content	A character string used to represent the type of an amortization method.	Amortization Method	Code				1	1	EDIFICASEU_AmortizationMethod_D11A.TXT		
UN02000137		SC	Code List. Identifier		Amortization Method	Code List	Identifier		Identifier	0	1		AccountingE204	
UN02000137		SC	Code List. Agency. Identifier		Amortization Method	Code List	Agency		Identifier	0	1		210	
UN02000137		SC	Code List. Version. Identifier		Amortization Method	Code List	Version		Identifier	0	1		D11A	
UN02000137		SC	Code List. Uniform Resource. Identifier		Amortization Method	Code List	Uniform Resource		Identifier	0	1		http://www.edificas.eu/index.php/eng/Download/Code-lists	
UN02000169		CC	Code. Content	A character string used to represent the type of amount weight.	Amount Weight Type	Code				1	1	EDIFICASEU_AmountWeightType_D11A.TXT		
UN02000169		SC	Code List. Identifier		Amount Weight Type	Code List	Identifier		Identifier	0	1		AccountingE702	
UN02000169		SC	Code List. Agency. Identifier		Amount Weight Type	Code List	Agency		Identifier	0	1		210	
UN02000169		SC	Code List. Version. Identifier		Amount Weight Type	Code List	Version		Identifier	0	1		D11A	
UN02000169		SC	Code List. Uniform Resource. Identifier		Amount Weight Type	Code List	Uniform Resource		Identifier	0	1		http://www.edificas.eu/index.php/eng/Download/Code-lists	
UN02000119		CC	Code. Content	A character string used to represent an automatic data capturing method.	Automatic Data Capture Method	Code				1	1	UNECE_AutomaticDataCaptureMethodCode_D19B.TXT		
UN02000119		SC	Code List. Identifier		Automatic Data Capture Method	Code List	Identifier		Identifier	0	1		7233_AutomaticDataCaptureMethod	
UN02000119		SC	Code List. Agency. Identifier		Automatic Data Capture Method	Code List	Agency		Identifier	0	1		6	
UN02000119		SC	Code List. Version. Identifier		Automatic Data Capture Method	Code List	Version		Identifier	0	1		D19B	
UN02000119		SC	Code List. Uniform Resource. Identifier		Automatic Data Capture Method	Code List	Uniform Resource		Identifier	0	1			
UN02000002		CC	Code. Content	A character string used to represent a type of billing document.	Billing_ Document	Code				1	1	UNECE_DocumentNameCodeBilling_D19B.TXT		
UN02000002		SC	Code List. Identifier		Billing_ Document	Code List	Identifier		Identifier	0	1		1001_Billing	
UN02000002		SC	Code List. Agency. Identifier		Billing_ Document	Code List	Agency		Identifier	0	1		6	
UN02000002		SC	Code List. Version. Identifier		Billing_ Document	Code List	Version		Identifier	0	1		D19B	
UN02000179		CC	Code. Content	A code specifying the character set of the binary object if the mime type is text.	MIME	Code				1	1	IANA_CharacterSetCode.TXT		
UN02000179		SC	Code List. Agency. Identifier		MIME	Code List	Agency		Identifier	0	1		IANA	
UN02000179		SC	Code List. Name. Text		MIME	Code List	Name		Text	0	1		Character Set Code	
UN02000179		SC	Code List. Version. Identifier		MIME	Code List	Version		Identifier	0	1		2013-01-08	
UN02000178		CC	Code. Content	A code specifying the encoding algorithm of the binary object.	MIME	Code				1	1	UNECE_CharacterEncodingCode_D19B.TXT		
UN02000178		SC	Code List. Identifier		Workflow_ Status	Code List	Identifier		Identifier	0	1		0133	
UN02000178		SC	Code List. Agency. Identifier		MIME	Code List	Agency		Identifier	0	1		6	
UN02000178		SC	Code List. Name. Text		MIME	Code List	Name		Text	0	1		Binary Object Encoding	
UN02000178		SC	Code List. Version. Identifier		MIME	Code List	Version		Identifier	0	1		D19B	
UN02000184		CC	Code. Content	A character string used to represent the cancellation status condition of a document.	Access Rights Type	Code				1	1	UNECE_CancellationDocumentStatusCode_D19B.TXT		
UN02000184		SC	Code List. Identifier		Access Rights Type	Code List	Identifier		Identifier	0	1		1373_Cancellation	
UN02000184		SC	Code List. Agency. Identifier		Access Rights Type	Code List	Agency		Identifier	0	1		6	
UN02000184		SC	Code List. Version. Identifier		Access Rights Type	Code List	Version		Identifier	0	1		D19B	
UN02000184		SC	Code List. Uniform Resource. Identifier		Access Rights Type	Code List	Uniform Resource		Identifier	0	1			
UN02000096		CC	Code. Content	A character string used to represent the cargo category.	Cargo Category	Code				1	1	UNECE_CargoTypeCode_1996 Rev2Final.TXT		
UN02000096		SC	Code List. Identifier		Cargo Category	Code List	Identifier		Identifier	0	1		Recommendation 21-Annex I	
UN02000096		SC	Code List. Agency. Identifier		Cargo Category	Code List	Agency		Identifier	0	1		6	
UN02000096		SC	Code List. Version. Identifier		Cargo Category	Code List	Version		Identifier	0	1		1996 Rev 2 Final	
UN02000096		SC	Code. Name. Text		Cargo Category	Code	Name		Text	0	1			
UN02000053		CC	Code. Content	A character string used to represent a cargo commodity category.	Cargo Commodity Category	Code				1	1	UNECE_Commodity Category_ Code_D19B.TXT		
UN02000053		SC	Code List. Identifier		Cargo Commodity Category	Code List	Identifier		Identifier	0	1		7357	
UN02000053		SC	Code List. Agency. Identifier		Cargo Commodity Category	Code List	Agency		Identifier	0	1		6	
UN02000053		SC	Code List. Version. Identifier		Cargo Commodity Category	Code List	Version		Identifier	0	1		D19B	
UN02000053		SC	Code. Name. Text		Cargo Commodity Category	Code	Name		Text	0	1			
UN02000077		CC	Code. Content	A character string used to represent cargo operational categories.	Cargo Operational Category	Code				1	1	UNECE_Cargo Type Classificationb_D19B.TXT		
UN02000077		SC	Code List. Identifier		Cargo Operational Category	Code List	Identifier		Identifier	0	1		7085b	
UN02000077		SC	Code List. Agency. Identifier		Cargo Operational Category	Code List	Agency		Identifier	0	1		6	
UN02000077		SC	Code List. Version. Identifier		Cargo Operational Category	Code List	Version		Identifier	0	1		D19B	
UN02000077		SC	Code. Name. Text		Cargo Operational Category	Code	Name		Text	0	1			
UN02000049		CC	Code. Content	A character string used to represent a cargo type classification.	Cargo Type Classification	Code				1	1	UNECE_CargoTypeClassificationCode_D19B.TXT		
UN02000049		SC	Code List. Identifier		Cargo Type Classification	Code List	Identifier		Identifier	0	1		7085	
UN02000049		SC	Code List. Agency. Identifier		Cargo Type Classification	Code List	Agency		Identifier	0	1		6	
UN02000049		SC	Code List. Version. Identifier		Cargo Type Classification	Code List	Version		Identifier	0	1		D19B	
UN02000049		SC	Code. Name. Text		Cargo Type Classification	Code	Name		Text	0	1			
UN02000185		CC	Code. Content	A character string used to specify a cash account type.	Accounting Account Balance Reopening Type	Code				1	1	CashAccountType_D19B.TXT		
UN02000185		SC	Code List. Identifier		Accounting Account Balance Reopening Type	Code List	Identifier		Identifier	0	1		Cash Account 97A	
UN02000185		SC	Code List. Agency. Identifier		Accounting Account Balance Reopening Type	Code List	Agency		Identifier	0	1		5	
UN02000185		SC	Code List. Version. Identifier		Accounting Account Balance Reopening Type	Code List	Version		Identifier	0	1		D19B	
UN02000185		SC	Code List. Uniform Resource. Identifier		Accounting Account Balance Reopening Type	Code List	Uniform Resource		Identifier	0	1		https://www.iso20022.org/standardsrepository/public/wqt/Description/mx/dico/codesets/_a3ed5tp-Ed-ak6NoX_4Aeg_-1826678245	
UN02000155		CC	Code. Content	A character string used to represent the type of a certificate.	Certificate Type	Code				1	1	EDIFICASEU_CertificateType_D11A.TXT		
UN02000155		SC	Code List. Identifier		Certificate Type	Code List	Identifier		Identifier	0	1		AccountingE004	
UN02000155		SC	Code List. Agency. Identifier		Certificate Type	Code List	Agency		Identifier	0	1		210	
UN02000155		SC	Code List. Version. Identifier		Certificate Type	Code List	Version		Identifier	0	1		D11A	
UN02000155		SC	Code List. Uniform Resource. Identifier		Certificate Type	Code List	Uniform Resource		Identifier	0	1		http://www.edificas.eu/index.php/eng/Download/Code-lists	
UN02000062		CC	Code. Content	A character string used to represent the charge paying party role.	Charge Paying_ Party Role	Code				1	1	UNECE_PartyFunctionCode_ChargePayingPartyRoleCode_D19B.TXT		
UN02000062		SC	Code List. Identifier		Charge Paying_ Party Role	Code List	Identifier		Identifier	0	1		3035_Charge Paying Party Role	
UN02000062		SC	Code List. Agency. Identifier		Charge Paying_ Party Role	Code List	Agency		Identifier	0	1		6	
UN02000062		SC	Code List. Version. Identifier		Charge Paying_ Party Role	Code List	Version		Identifier	0	1		D19B	
UN02000062		SC	Code. Name. Text		Charge Paying_ Party Role	Code	Name		Text	0	1			
UN02000180		CC	Code. Content	A code specifying the organization responsible for a code or identifier list.	Transport Service Requirement	Code				1	1	UNECE_CodeListResponsibleAgencyCode_D19B.TXT		
UN02000180		SC	Code List. Identifier		Transport Service Requirement	Code List	Identifier		Identifier	0	1		3055	
UN02000180		SC	Code List. Agency. Identifier		Transport Service Requirement	Code List	Agency		Identifier	0	1		6	
UN02000180		SC	Code List. Name. Text		MIME	Code List	Name		Text	0	1		Code List Responsible Organization	
UN02000180		SC	Code List. Version. Identifier		Transport Service Requirement	Code List	Version		Identifier	0	1		D19B	
UN02000120		CC	Code. Content	A character string used to represent a commitment level.	Commitment Level	Code				1	1	UNECE_CommitmentLevelCode_D19B.TXT		
UN02000120		SC	Code List. Identifier		Commitment Level	Code List	Identifier		Identifier	0	1		4017	
UN02000120		SC	Code List. Agency. Identifier		Commitment Level	Code List	Agency		Identifier	0	1		6	
UN02000120		SC	Code List. Version. Identifier		Commitment Level	Code List	Version		Identifier	0	1		D19B	
UN02000120		SC	Code List. Uniform Resource. Identifier		Commitment Level	Code List	Uniform Resource		Identifier	0	1			
UN02000121		CC	Code. Content	A character string used to represent a communication channel.	Communication Channel	Code				1	1	UNECE_CommunicationChannelCode_D19B.TXT		
UN02000121		SC	Code List. Identifier		Communication Channel	Code List	Identifier		Identifier	0	1		3155	
UN02000121		SC	Code List. Agency. Identifier		Communication Channel	Code List	Agency		Identifier	0	1		6	
UN02000121		SC	Code List. Version. Identifier		Communication Channel	Code List	Version		Identifier	0	1		D19B	
UN02000121		SC	Code List. Uniform Resource. Identifier		Communication Channel	Code List	Uniform Resource		Identifier	0	1			
UN02000122		CC	Code. Content	A character string used to represent a contact type.	Contact Type	Code				1	1	UNECE_ContactTypeCode_D19B.TXT		
UN02000122		SC	Code List. Identifier		Contact Type	Code List	Identifier		Identifier	0	1		3139	
UN02000122		SC	Code List. Agency. Identifier		Contact Type	Code List	Agency		Identifier	0	1		6	
UN02000122		SC	Code List. Version. Identifier		Contact Type	Code List	Version		Identifier	0	1		D19B	
UN02000122		SC	Code List. Uniform Resource. Identifier		Contact Type	Code List	Uniform Resource		Identifier	0	1			
UN02000021		CC	Code. Content	A character string used to represent a type of contract.	Contract Type	Code				1	1	UNECE_ContractTypeCode_D10B.TXT		
UN02000021		SC	Code List. Identifier		Contract Type	Code List	Identifier		Identifier	0	1		9651	
UN02000021		SC	Code List. Agency. Identifier		Contract Type	Code List	Agency		Identifier	0	1		6	
UN02000021		SC	Code List. Version. Identifier		Contract Type	Code List	Version		Identifier	0	1		D10B	
UN02000112		CC	Code. Content	A character string used to represent or replace a type of contractor.	Contractor Type	Code				1	1	UNECE_ContractorType_D10B.TXT		
UN02000112		SC	Code List. Identifier		Contractor Type	Code List	Identifier		Identifier	0	1		Contractor Type	
UN02000112		SC	Code List. Agency. Identifier		Contractor Type	Code List	Agency		Identifier	0	1		6	
UN02000112		SC	Code List. Version. Identifier		Contractor Type	Code List	Version		Identifier	0	1		D10B	
UN02000023		CC	Code. Content	A character string used to represent or replace a cost management value.	Cost Management	Code				1	1	UNECE_CostManagementCode_D10B.TXT		
UN02000023		SC	Code List. Identifier		Cost Management	Code List	Identifier		Identifier	0	1		9653	
UN02000023		SC	Code List. Agency. Identifier		Cost Management	Code List	Agency		Identifier	0	1		6	
UN02000023		SC	Code List. Version. Identifier		Cost Management	Code List	Version		Identifier	0	1		D10B	
UN02000024		CC	Code. Content	A character string used to represent or replace a cost reporting value.	Cost Reporting	Code				1	1	UNECE_CostReportingCode_D10B.TXT		
UN02000024		SC	Code List. Identifier		Cost Reporting	Code List	Identifier		Identifier	0	1		9655	
UN02000024		SC	Code List. Agency. Identifier		Cost Reporting	Code List	Agency		Identifier	0	1		6	
UN02000024		SC	Code List. Version. Identifier		Cost Reporting	Code List	Version		Identifier	0	1		D10B	
UN02000003		CC	Identifier. Content	"A character string to identify and distinguish uniquely, one instance of a country in an identification scheme from all other objects within the same scheme."	Country	Identifier				1	1	ISO_ISOTwoletterCountryCode_SecondEdition2006.TXT		
UN02000003		SC	Identification Scheme. Identifier		Country	Identification Scheme	Identifier		Identifier	0	1		ISO 3166-1 2A	
UN02000003		SC	Identification Scheme Agency. Identifier		Country	Identification Scheme Agency	Identifier		Identifier	0	1		5	
UN02000003		SC	Identification Scheme. Version. Identifier		Country	Identification Scheme	Version		Identifier	0	1		Second Edition 2006	
UN02000004		CC	Code. Content	A character string used to represent a currency.	Currency	Code				1	1	ISO_ISO3AlphaCurrencyCode_20120831.TXT		
UN02000004		SC	Code List. Identifier		Currency	Code List	Identifier		Identifier	0	1		ISO 4217 3A	
UN02000004		SC	Code List. Agency. Identifier		Currency	Code List	Agency		Identifier	0	1		5	
UN02000004		SC	Code List. Version. Identifier		Currency	Code List	Version		Identifier	0	1		2012/8/31	
UN02000004		SC	Code List. Uniform Resource. Identifier		Currency	Code List	Uniform Resource		Identifier	0	1			
UN02000067		CC	Code. Content	A character string used to represent the type of customs duty regime.	Customs Duty Regime Type	Code				1	1	UNECE_Customs Duty Regime Type Code_D19B.TXT		
UN02000067		SC	Code List. Identifier		Customs Duty Regime Type	Code List	Identifier		Identifier	0	1		9213	
UN02000067		SC	Code List. Agency. Identifier		Customs Duty Regime Type	Code List	Agency		Identifier	0	1		6	
UN02000067		SC	Code List. Version. Identifier		Customs Duty Regime Type	Code List	Version		Identifier	0	1		D19B	
UN02000067		SC	Code. Name. Text		Customs Duty Regime Type	Code	Name		Text	0	1			
UN02000055		CC	Code. Content	A character string used to represent a Customs procedure guarantee.	Customs Procedure Guarantee	Code				1	1	UNECE_ObligationGuaranteeCode_D19B.TXT		
UN02000055		SC	Code List. Identifier		Customs Procedure Guarantee	Code List	Identifier		Identifier	0	1		4377	
UN02000055		SC	Code List. Agency. Identifier		Customs Procedure Guarantee	Code List	Agency		Identifier	0	1		6	
UN02000055		SC	Code List. Version. Identifier		Customs Procedure Guarantee	Code List	Version		Identifier	0	1		D19B	
UN02000055		SC	Code. Name. Text		Customs Procedure Guarantee	Code	Name		Text	0	1			
UN02000069		CC	Code. Content	A character string used to represent the dangerous goods packaging level.	Dangerous Goods Packaging Level	Code				1	1	UNECE_Dangerous Goods Packing Code_D19B.TXT		
UN02000069		SC	Code List. Identifier		Dangerous Goods Packaging Level	Code List	Identifier		Identifier	0	1		8339	
UN02000069		SC	Code List. Agency. Identifier		Dangerous Goods Packaging Level	Code List	Agency		Identifier	0	1		6	
UN02000069		SC	Code List. Version. Identifier		Dangerous Goods Packaging Level	Code List	Version		Identifier	0	1		D19B	
UN02000069		SC	Code. Name. Text		Dangerous Goods Packaging Level	Code	Name		Text	0	1			
UN02000070		CC	Code. Content	A character string used to represent the dangerous goods regulation.	Dangerous Goods Regulation	Code				1	1	UNECE_DangerousGoodsRegulationCode_D19B.TXT		
UN02000070		SC	Code List. Identifier		Dangerous Goods Regulation	Code List	Identifier		Identifier	0	1		8273	
UN02000070		SC	Code List. Agency. Identifier		Dangerous Goods Regulation	Code List	Agency		Identifier	0	1		6	
UN02000070		SC	Code List. Version. Identifier		Dangerous Goods Regulation	Code List	Version		Identifier	0	1		D19B	
UN02000070		SC	Code. Name. Text		Dangerous Goods Regulation	Code	Name		Text	0	1			
UN02000019		CC	Date Time. Content	A particular point in the progression of time defined by a mandatory date and an optional time component.	Date Mandatory	Date Time				1	1			
UN02000019		SC	Date Time. Format. Text		Date Mandatory	Date Time	Format		Text	0	1			
UN02000162		CC	Code. Content	A character string used to represent the type of date time period function.	Date Time Period Function	Code				1	1	UNECE_DateTimePeriodFunctionCode_D19B.TXT		
UN02000162		SC	Code List. Identifier		Date Time Period Function	Code List	Identifier		Identifier	0	1		2005	
UN02000162		SC	Code List. Agency. Identifier		Date Time Period Function	Code List	Agency		Identifier	0	1		6	
UN02000162		SC	Code List. Version. Identifier		Date Time Period Function	Code List	Version		Identifier	0	1		D19B	
UN02000143		CC	Code. Content	A character string used to represent a function for delivery terms.	Delivery Terms Function	Code				1	1	UNECE_DeliveryTermsFunctionCode_D19B.TXT		
UN02000143		SC	Code List. Identifier		Delivery Terms Function	Code List	Identifier		Identifier	0	1		4055	
UN02000143		SC	Code List. Agency. Identifier		Delivery Terms Function	Code List	Agency		Identifier	0	1		6	
UN02000143		SC	Code List. Version. Identifier		Delivery Terms Function	Code List	Version		Identifier	0	1		D19B	
UN02000005		CC	Code. Content	A character string used to represent delivery terms.	Delivery Terms	Code				1	1	UNECE_DeliveryTermsCode_2010.TXT		
UN02000005		SC	Code List. Identifier		Delivery Terms	Code List	Identifier		Identifier	0	1		4053	
UN02000005		SC	Code List. Agency. Identifier		Delivery Terms	Code List	Agency		Identifier	0	1		6	
UN02000005		SC	Code List. Version. Identifier		Delivery Terms	Code List	Version		Identifier	0	1		2010	
UN02000071		CC	Code. Content	A character string used to represent the dimension type.	Dimension Type	Code				1	1	UNECE_DimensionTypeCode_D19B.TXT		
UN02000071		SC	Code List. Identifier		Dimension Type	Code List	Identifier		Identifier	0	1		6145	
UN02000071		SC	Code List. Agency. Identifier		Dimension Type	Code List	Agency		Identifier	0	1		6	
UN02000071		SC	Code List. Version. Identifier		Dimension Type	Code List	Version		Identifier	0	1		D19B	
UN02000071		SC	Code. Name. Text		Dimension Type	Code	Name		Text	0	1			
UN02000025		CC	Code. Content	A character string used to represent or replace a document status.	Document Status	Code				1	1	UNECE_DocumentStatusCode_D19B.TXT		
UN02000025		SC	Code List. Identifier		Document Status	Code List	Identifier		Identifier	0	1		1373	
UN02000025		SC	Code List. Agency. Identifier		Document Status	Code List	Agency		Identifier	0	1		6	
UN02000025		SC	Code List. Version. Identifier		Document Status	Code List	Version		Identifier	0	1		D19B	
UN02000025		SC	Code. Name. Text		Document Status	Code	Name		Text	0	1			
UN02000006		CC	Code. Content	A character string denoting the type of a document. [Reference United Nations Code List (UNCL) 1001]	Document	Code				1	1	UNECE_DocumentNameCode_D19B.TXT		
UN02000006		SC	Code List. Identifier		Document	Code List	Identifier		Identifier	0	1		1001	
UN02000006		SC	Code List. Agency. Identifier		Document	Code List	Agency		Identifier	0	1		6	
UN02000006		SC	Code List. Version. Identifier		Document	Code List	Version		Identifier	0	1		D19B	
UN02000006		SC	Code. Name. Text		Document	Code	Name		Text	0	1			
UN02000006		SC	Code List. Uniform Resource. Identifier		Document	Code List	Uniform Resource		Identifier	0	1			
UN02000026		CC	Measure. Content	A numeric value determined by measuring a duration of time.	Duration	Measure				1	1			
UN02000026		SC	Measure Unit. Code		Duration	Measure Unit	Code		Code	1	1	UNECE_MeasurementUnitCommonCodeDuration_4.TXT		
UN02000026		SC	Measure Unit. Code List Version. Identifier		Duration	Measure Unit	Code List Version		Identifier	0	1		4	
UN02000027		CC	Code. Content	A character string used to represent or replace the type of earned value calculation method.	Earned Value Calculation Method	Code				1	1	UNECE_EarnedValueCalculationMethod_D10B.TXT		
UN02000027		SC	Code List. Identifier		Earned Value Calculation Method	Code List	Identifier		Identifier	0	1		9657	
UN02000027		SC	Code List. Agency. Identifier		Earned Value Calculation Method	Code List	Agency		Identifier	0	1		6	
UN02000027		SC	Code List. Version. Identifier		Earned Value Calculation Method	Code List	Version		Identifier	0	1		D10B	
UN02000116		CC	Measure. Content	A numeric value determined by measuring a file size.	File Size	Measure				1	1			
UN02000116		SC	Measure Unit. Code		File Size	Measure Unit	Code		Code	0	1	UNECE_MeasurementUnitCommonCodeFileSize_4.TXT		
UN02000116		SC	Measure Unit. Code List Version. Identifier		File Size	Measure Unit	Code List Version		Identifier	0	1			
UN02000168		CC	Code. Content	A character string used to represent the type of financial account.	Financial Account Type	Code				1	1	EDIFICASEU_FinancialAccountType_D11A.TXT		
UN02000168		SC	Code List. Identifier		Financial Account Type	Code List	Identifier		Identifier	0	1		AccountingE016	
UN02000168		SC	Code List. Agency. Identifier		Financial Account Type	Code List	Agency		Identifier	0	1		210	
UN02000168		SC	Code List. Version. Identifier		Financial Account Type	Code List	Version		Identifier	0	1		D11A	
UN02000168		SC	Code List. Uniform Resource. Identifier		Financial Account Type	Code List	Uniform Resource		Identifier	0	1		http://www.edificas.eu/index.php/eng/Download/Code-lists	
UN02000156		CC	Code. Content	A character string used to represent the role of a financial institution.	Financial Institution Role	Code				1	1	EDIFICASEU_FinancialInstitutionRole_D11A.TXT		
UN02000156		SC	Code List. Identifier		Financial Institution Role	Code List	Identifier		Identifier	0	1		AccountingE015	
UN02000156		SC	Code List. Agency. Identifier		Financial Institution Role	Code List	Agency		Identifier	0	1		210	
UN02000156		SC	Code List. Version. Identifier		Financial Institution Role	Code List	Version		Identifier	0	1		D11A	
UN02000156		SC	Code List. Uniform Resource. Identifier		Financial Institution Role	Code List	Uniform Resource		Identifier	0	1		http://www.edificas.eu/index.php/eng/Download/Code-lists	
UN02000123		CC	Code. Content	A character string used to represent a financial adjustment reason.	Financial_ Adjustment Reason	Code				1	1	UNECE_AdjustmentReasonCodeFinancial_D19B.TXT		
UN02000123		SC	Code List. Identifier		Financial_ Adjustment Reason	Code List	Identifier		Identifier	0	1		4465_Financial	
UN02000123		SC	Code List. Agency. Identifier		Financial_ Adjustment Reason	Code List	Agency		Identifier	0	1		6	
UN02000123		SC	Code List. Version. Identifier		Financial_ Adjustment Reason	Code List	Version		Identifier	0	1		D19B	
UN02000186		CC	Code. Content	A character string used to specify a financing status.	Accounting Account Status	Code				1	1	FinancingStatus_D19B.TXT		
UN02000186		SC	Code List. Identifier		Accounting Account Status	Code List	Identifier		Identifier	0	1		Financing Status 	
UN02000186		SC	Code List. Agency. Identifier		Accounting Account Status	Code List	Agency		Identifier	0	1		5	
UN02000186		SC	Code List. Version. Identifier		Accounting Account Status	Code List	Version		Identifier	0	1		D19B	
UN02000186		SC	Code List. Uniform Resource. Identifier		Accounting Account Status	Code List	Uniform Resource		Identifier	0	1		https://www.iso20022.org/standardsrepository/public/wqt/Description/mx/dico/codesets/_ZUFYg9p-Ed-ak6NoX_4Aeg_1488265087	
UN02000188		CC	Code. Content	A character string used to specify a financing status reason.	Accounting Account Type	Code				1	1	FinancingStatusReason_D19B.TXT		
UN02000188		SC	Code List. Identifier		Accounting Account Type	Code List	Identifier		Identifier	0	1		Financing Status Reason	
UN02000188		SC	Code List. Agency. Identifier		Accounting Account Type	Code List	Agency		Identifier	0	1		5	
UN02000188		SC	Code List. Version. Identifier		Accounting Account Type	Code List	Version		Identifier	0	1		D19B	
UN02000188		SC	Code List. Uniform Resource. Identifier		Accounting Account Type	Code List	Uniform Resource		Identifier	0	1		https://www.iso20022.org/standardsrepository/public/wqt/Description/mx/dico/codesets/_aqgY5Np-Ed-ak6NoX_4Aeg_1593858714	
UN02000153		CC	Date Time. Content	A formatted point in the progression of time.	Formatted	Date Time				1	1			
UN02000153		SC	Date Time. Format. Text		Formatted	Date Time	Format		Text	0	1	UNECE_TimePointFormatCode2379_D19B.TXT		
UN02000074		CC	Code. Content	A character string used to represent the freight charge tariff class.	Freight Charge Tariff Class	Code				1	1	UNECE_FreightChargeTariffCode_D19B.TXT		
UN02000074		SC	Code List. Identifier		Freight Charge Tariff Class	Code List	Identifier		Identifier	0	1		5243	
UN02000074		SC	Code List. Agency. Identifier		Freight Charge Tariff Class	Code List	Agency		Identifier	0	1		6	
UN02000074		SC	Code List. Version. Identifier		Freight Charge Tariff Class	Code List	Version		Identifier	0	1		D19B	
UN02000074		SC	Code. Name. Text		Freight Charge Tariff Class	Code	Name		Text	0	1			
UN02000097		CC	Identifier. Content	A character string used to represent the freight charge type.	Freight Charge Type	Identifier				1	1	UNECE_FreightCostCode_4.TXT		
UN02000097		SC	Identification Scheme. Identifier		Freight Charge Type	Identification Scheme	Identifier		Identifier	0	1		Recommendation 23	
UN02000097		SC	Identification Scheme Agency. Identifier		Freight Charge Type	Identification Scheme Agency	Identifier		Identifier	0	1		6	
UN02000097		SC	Identification Scheme. Version. Identifier		Freight Charge Type	Identification Scheme	Version		Identifier	0	1		4	
UN02000029		CC	Code. Content	A character string used to represent or replace a type of funding.	Funding Type	Code				1	1	UNECE_FundingTypeCode_D10B.TXT		
UN02000029		SC	Code List. Identifier		Funding Type	Code List	Identifier		Identifier	0	1		9659	
UN02000029		SC	Code List. Agency. Identifier		Funding Type	Code List	Agency		Identifier	0	1		6	
UN02000029		SC	Code List. Version. Identifier		Funding Type	Code List	Version		Identifier	0	1		D10B	
UN02000057		CC	Code. Content	A character string used to represent an extended type of goods.	Goods Type Extension	Code				1	1	UNECE_GoodsTypeExtensionCode_D19B.TXT		
UN02000057		SC	Code List. Identifier		Goods Type Extension	Code List	Identifier		Identifier	0	1		7361	
UN02000057		SC	Code List. Agency. Identifier		Goods Type Extension	Code List	Agency		Identifier	0	1		6	
UN02000057		SC	Code List. Version. Identifier		Goods Type Extension	Code List	Version		Identifier	0	1		D19B	
UN02000057		SC	Code. Name. Text		Goods Type Extension	Code	Name		Text	0	1			
UN02000058		CC	Code. Content	A character string used to represent a type of goods.	Goods Type	Code				1	1	UNECE_GoodsTypeCode_D19B.TXT		
UN02000058		SC	Code List. Identifier		Goods Type	Code List	Identifier		Identifier	0	1		7357	
UN02000058		SC	Code List. Agency. Identifier		Goods Type	Code List	Agency		Identifier	0	1		6	
UN02000058		SC	Code List. Version. Identifier		Goods Type	Code List	Version		Identifier	0	1		D19B	
UN02000058		SC	Code. Name. Text		Goods Type	Code	Name		Text	0	1			
UN02000040		CC	Code. Content	A character string used to replace or represent a government action.	Government Action	Code				1	1	UNECE_GovernmentActionCode_D19B.TXT		
UN02000040		SC	Code List. Identifier		Government Action	Code List	Identifier		Identifier	0	1		9417	
UN02000040		SC	Code List. Agency. Identifier		Government Action	Code List	Agency		Identifier	0	1		6	
UN02000040		SC	Code List. Version. Identifier		Government Action	Code List	Version		Identifier	0	1		D19B	
UN02000040		SC	Code. Name. Text		Government Action	Code	Name		Text	0	1			
UN02000030		CC	Code. Content	A character string used to represent or replace a type of hierarchical structure.	Hierarchical Structure Type	Code				1	1	UNECE_HierarchicalStructureTypeCode_D10B.TXT		
UN02000030		SC	Code List. Identifier		Hierarchical Structure Type	Code List	Identifier		Identifier	0	1		9661	
UN02000030		SC	Code List. Agency. Identifier		Hierarchical Structure Type	Code List	Agency		Identifier	0	1		6	
UN02000030		SC	Code List. Version. Identifier		Hierarchical Structure Type	Code List	Version		Identifier	0	1		D10B	
UN02000007		CC	Identifier. Content	A character string used to represent the International Bank Account Number Type.	IBAN	Identifier				1	1			
UN02000007		SC	Identification Scheme. Identifier		IBAN	Identification Scheme	Identifier		Identifier	0	1		13616	
UN02000007		SC	Identification Scheme Agency. Identifier		IBAN	Identification Scheme Agency	Identifier		Identifier	0	1		5	
UN02000007		SC	Identification Scheme. Version. Identifier		IBAN	Identification Scheme	Version		Identifier	0	1		2007	
UN02000113		CC	Code. Content	A character string used to represent a type of invoice document.	Invoice_ Document	Code				1	1	UNECE_DocumentNameCodeInvoice_D19B.TXT		
UN02000113		SC	Code List. Identifier		Invoice_ Document	Code List	Identifier		Identifier	0	1		1001_Invoice	
UN02000113		SC	Code List. Agency. Identifier		Invoice_ Document	Code List	Agency		Identifier	0	1		6	
UN02000113		SC	Code List. Version. Identifier		Invoice_ Document	Code List	Version		Identifier	0	1		D19B	
UN02000144		CC	Code. Content	A character string used to represent a language.	Language	Code				1	1	ISO_ISOAlpha2LanguageCode_20061027.TXT		
UN02000144		SC	Code List. Identifier		Language	Code List	Identifier		Identifier	0	1		ISO 639-1 2A	
UN02000144		SC	Code List. Agency. Identifier		Language	Code List	Agency		Identifier	0	1		5	
UN02000144		SC	Code List. Version. Identifier		Language	Code List	Version		Identifier	0	1		2006/10/27	
UN02000050		CC	Identifier. Content	A character string used to represent a language.	Language	Identifier				1	1	ISO_ISOAlpha2LanguageCode_20061027.TXT		
UN02000050		SC	Identification Scheme. Identifier		Language	Identification Scheme	Identifier		Identifier	0	1		ISO 639-1 2A	
UN02000050		SC	Identification Scheme Agency. Identifier		Language	Identification Scheme Agency	Identifier		Identifier	0	1		5	
UN02000050		SC	Identification Scheme. Version. Identifier		Language	Identification Scheme	Version		Identifier	0	1		2006/10/27	
UN02000138		CC	Code. Content	A character string used to represent the type of a lifetime end cost.	Lifetime End Cost	Code				1	1	EDIFICASEU_LifetimeEndCost_D11A.TXT		
UN02000138		SC	Code List. Identifier		Lifetime End Cost	Code List	Identifier		Identifier	0	1		AccountingE206	
UN02000138		SC	Code List. Agency. Identifier		Lifetime End Cost	Code List	Agency		Identifier	0	1		210	
UN02000138		SC	Code List. Version. Identifier		Lifetime End Cost	Code List	Version		Identifier	0	1		D11A	
UN02000138		SC	Code List. Uniform Resource. Identifier		Lifetime End Cost	Code List	Uniform Resource		Identifier	0	1		http://www.edificas.eu/index.php/eng/Download/Code-lists	
UN02000124		CC	Code. Content	A character string used to represent a line status.	Line Status	Code				1	1	UNECE_LineStatusCode_D19B.TXT		
UN02000124		SC	Code List. Identifier		Line Status	Code List	Identifier		Identifier	0	1		1229	
UN02000124		SC	Code List. Agency. Identifier		Line Status	Code List	Agency		Identifier	0	1		6	
UN02000124		SC	Code List. Version. Identifier		Line Status	Code List	Version		Identifier	0	1		D19B	
UN02000124		SC	Code List. Uniform Resource. Identifier		Line Status	Code List	Uniform Resource		Identifier	0	1			
UN02000092		CC	Measure. Content	The numeric value determined by linear measuring.	Linear	Measure				1	1			
UN02000092		SC	Measure Unit. Code		Linear	Measure Unit	Code		Code	0	1	UNECE_MeasurementUnitCommonCodeLinear_4.TXT		
UN02000092		SC	Measure Unit. Code List Version. Identifier		Linear	Measure Unit	Code List Version		Identifier	0	1		4	
UN02000041		CC	Code. Content	A character string used to replace or represent a location function.	Location Function	Code				1	1	UNECE_LocationFunctionCode_D19B.TXT		
UN02000041		SC	Code List. Identifier		Location Function	Code List	Identifier		Identifier	0	1		3227	
UN02000041		SC	Code List. Agency. Identifier		Location Function	Code List	Agency		Identifier	0	1		6	
UN02000041		SC	Code List. Version. Identifier		Location Function	Code List	Version		Identifier	0	1		D19B	
UN02000041		SC	Code. Name. Text		Location Function	Code	Name		Text	0	1			
UN02000051		CC	Code. Content	A character string used to represent the type of basis on which logistic charges are to be calculated.	Logistics Charge Calculation Basis	Code				1	1	UNECE_FreightChargeQuantityUnitBasisCode_D19B.TXT		
UN02000051		SC	Code List. Identifier		Logistics Charge Calculation Basis	Code List	Identifier		Identifier	0	1		6131	
UN02000051		SC	Code List. Agency. Identifier		Logistics Charge Calculation Basis	Code List	Agency		Identifier	0	1		6	
UN02000051		SC	Code List. Version. Identifier		Logistics Charge Calculation Basis	Code List	Version		Identifier	0	1		D19B	
UN02000051		SC	Code. Name. Text		Logistics Charge Calculation Basis	Code	Name		Text	0	1			
UN02000099		CC	Code. Content	A character string used to represent the logistics status condition or reason.	Logistics Status	Code				1	1	UNECE_TransportStatusCode_4.TXT		
UN02000099		SC	Code List. Identifier		Logistics Status	Code List	Identifier		Identifier	0	1		Recommendation 24	
UN02000099		SC	Code List. Agency. Identifier		Logistics Status	Code List	Agency		Identifier	0	1		6	
UN02000099		SC	Code List. Version. Identifier		Logistics Status	Code List	Version		Identifier	0	1		4	
UN02000099		SC	Code. Name. Text		Logistics Status	Code	Name		Text	0	1			
UN02000076		CC	Code. Content	A character string used to represent the marking instruction.	Marking Instruction	Code				1	1	UNECE_MarkingInstructionCode_D19B.TXT		
UN02000076		SC	Code List. Identifier		Marking Instruction	Code List	Identifier		Identifier	0	1		4233	
UN02000076		SC	Code List. Agency. Identifier		Marking Instruction	Code List	Agency		Identifier	0	1		6	
UN02000076		SC	Code List. Version. Identifier		Marking Instruction	Code List	Version		Identifier	0	1		D19B	
UN02000076		SC	Code. Name. Text		Marking Instruction	Code	Name		Text	0	1			
UN02000042		CC	Code. Content	A character string used to replace or represent a measured attribute.	Measured Attribute	Code				1	1	UNECE_MeasuredAttributeCode_D19B.TXT		
UN02000042		SC	Code List. Identifier		Measured Attribute	Code List	Identifier		Identifier	0	1		6313	
UN02000042		SC	Code List. Agency. Identifier		Measured Attribute	Code List	Agency		Identifier	0	1		6	
UN02000042		SC	Code List. Version. Identifier		Measured Attribute	Code List	Version		Identifier	0	1		D19B	
UN02000042		SC	Code. Name. Text		Measured Attribute	Code	Name		Text	0	1			
UN02000125		CC	Code. Content	A character string used to represent a message function.	Message Function	Code				1	1	UNECE_MessageFunctionTypeCode_D19B.TXT		
UN02000125		SC	Code List. Identifier		Message Function	Code List	Identifier		Identifier	0	1		1225	
UN02000125		SC	Code List. Agency. Identifier		Message Function	Code List	Agency		Identifier	0	1		6	
UN02000125		SC	Code List. Version. Identifier		Message Function	Code List	Version		Identifier	0	1		D19B	
UN02000125		SC	Code List. Uniform Resource. Identifier		Message Function	Code List	Uniform Resource		Identifier	0	1			
UN02000117		CC	Code. Content	A character string used to represent a type of MIME.	MIME	Code				1	1	MIMEMediaTypeCode		
UN02000117		SC	Code List. Agency. Identifier		MIME	Code List	Agency		Identifier	0	1		379	
UN02000117		SC	Code List. Name. Text		MIME	Code List	Name		Text	0	1		MIME Media Type	
UN02000117		SC	Code List. Version. Identifier		MIME	Code List	Version		Identifier	0	1		2015/10/12	
UN02000117		SC	Code List. Uniform Resource. Identifier		Message Function	Code List	Uniform Resource		Identifier	0	1		http://www.iana.org/assignments/media-types/media-types.xhtml	
UN02000154		CC	Code. Content	A character string used to represent the type of an organization function.	Organization Function Type	Code				1	1	EDIFICASEU_OrganizationFunctionType_D11A.TXT		
UN02000154		SC	Code List. Identifier		Organization Function Type	Code List	Identifier		Identifier	0	1		AccountingE706	
UN02000154		SC	Code List. Agency. Identifier		Organization Function Type	Code List	Agency		Identifier	0	1		210	
UN02000154		SC	Code List. Version. Identifier		Organization Function Type	Code List	Version		Identifier	0	1		D11A	
UN02000154		SC	Code List. Uniform Resource. Identifier		Organization Function Type	Code List	Uniform Resource		Identifier	0	1		http://www.edificas.eu/index.php/eng/Download/Code-lists	
UN02000043		CC	Code. Content	A character string used to replace or represent a type of package.	Package Type	Code				1	1	UNECE_PackageTypeCode_2006.TXT		
UN02000043		SC	Code List. Identifier		Package Type	Code List	Identifier		Identifier	0	1		7065	
UN02000043		SC	Code List. Agency. Identifier		Package Type	Code List	Agency		Identifier	0	1		6	
UN02000043		SC	Code List. Version. Identifier		Package Type	Code List	Version		Identifier	0	1		2006	
UN02000043		SC	Code. Name. Text		Package Type	Code	Name		Text	0	1			
UN02000078		CC	Code. Content	A character string used to represent the packaging level.	Packaging Level	Code				1	1	UNECE_PackagingLevelCode_D19B.TXT		
UN02000078		SC	Code List. Identifier		Packaging Level	Code List	Identifier		Identifier	0	1		7075	
UN02000078		SC	Code List. Agency. Identifier		Packaging Level	Code List	Agency		Identifier	0	1		6	
UN02000078		SC	Code List. Version. Identifier		Packaging Level	Code List	Version		Identifier	0	1		D19B	
UN02000078		SC	Code. Name. Text		Packaging Level	Code	Name		Text	0	1			
UN02000126		CC	Code. Content	A character string used to represent a packaging marking.	Packaging Marking	Code				1	1	UNECE_PackagingMarkingCode_D19B.TXT		
UN02000126		SC	Code List. Identifier		Packaging Marking	Code List	Identifier		Identifier	0	1		7233_PackagingMarkingCode	
UN02000126		SC	Code List. Agency. Identifier		Packaging Marking	Code List	Agency		Identifier	0	1		6	
UN02000126		SC	Code List. Version. Identifier		Packaging Marking	Code List	Version		Identifier	0	1		D19B	
UN02000126		SC	Code List. Uniform Resource. Identifier		Packaging Marking	Code List	Uniform Resource		Identifier	0	1			
UN02000044		CC	Code. Content	A character string used to replace or represent a role of a party.	Party Role	Code				1	1	UNECE_PartyRoleCode_D19B.TXT		
UN02000044		SC	Code List. Identifier		Party Role	Code List	Identifier		Identifier	0	1		3035	
UN02000044		SC	Code List. Agency. Identifier		Party Role	Code List	Agency		Identifier	0	1		6	
UN02000044		SC	Code List. Version. Identifier		Party Role	Code List	Version		Identifier	0	1		D19B	
UN02000044		SC	Code. Name. Text		Party Role	Code	Name		Text	0	1			
UN02000157		CC	Code. Content	A character string used to represent the type of a party.	Party Type	Code				1	1	EDIFICASEU_PartyType_D11A.TXT		
UN02000157		SC	Code List. Identifier		Party Type	Code List	Identifier		Identifier	0	1		AccountingE705	
UN02000157		SC	Code List. Agency. Identifier		Party Type	Code List	Agency		Identifier	0	1		210	
UN02000157		SC	Code List. Version. Identifier		Party Type	Code List	Version		Identifier	0	1		D11A	
UN02000157		SC	Code List. Uniform Resource. Identifier		Party Type	Code List	Uniform Resource		Identifier	0	1		http://www.edificas.eu/index.php/eng/Download/Code-lists	
UN02000009		CC	Code. Content	A character string used to represent a payment guarantee means.	Payment Guarantee Means	Code				1	1	UNECE_PaymentGuaranteeMeansCode_D19B.TXT		
UN02000009		SC	Code List. Identifier		Payment Guarantee Means	Code List	Identifier		Identifier	0	1		4431	
UN02000009		SC	Code List. Agency. Identifier		Payment Guarantee Means	Code List	Agency		Identifier	0	1		6	
UN02000009		SC	Code List. Version. Identifier		Payment Guarantee Means	Code List	Version		Identifier	0	1		D19B	
UN02000081		CC	Code. Content	A character string used to represent the payment means channel.	Payment Means Channel	Code				1	1	UNECE_PaymentMeansChannelCode_D19B.TXT		
UN02000081		SC	Code List. Identifier		Payment Means Channel	Code List	Identifier		Identifier	0	1		4435	
UN02000081		SC	Code List. Agency. Identifier		Payment Means Channel	Code List	Agency		Identifier	0	1		6	
UN02000081		SC	Code List. Version. Identifier		Payment Means Channel	Code List	Version		Identifier	0	1		D19B	
UN02000081		SC	Code. Name. Text		Payment Means Channel	Code	Name		Text	0	1			
UN02000010		CC	Code. Content	A character string used to represent a payment means.	Payment Means	Code				1	1	UNECE_PaymentMeansCode_D19B.TXT		
UN02000010		SC	Code List. Identifier		Payment Means	Code List	Identifier		Identifier	0	1		4461	
UN02000010		SC	Code List. Agency. Identifier		Payment Means	Code List	Agency		Identifier	0	1		6	
UN02000010		SC	Code List. Version. Identifier		Payment Means	Code List	Version		Identifier	0	1		D19B	
UN02000011		CC	Code. Content	A character string used to represent a payment method.	Payment Method	Code				1	1	UNECE_PaymentMethodCode_D19B.TXT		
UN02000011		SC	Code List. Identifier		Payment Method	Code List	Identifier		Identifier	0	1		4439	
UN02000011		SC	Code List. Agency. Identifier		Payment Method	Code List	Agency		Identifier	0	1		6	
UN02000011		SC	Code List. Version. Identifier		Payment Method	Code List	Version		Identifier	0	1		D19B	
UN02000008		CC	Code. Content	A character string used to represent a time reference for a payment terms event.	Payment Terms Event_ Time Reference	Code				1	1	UNECE_PaymentTermsEventTimeReferenceCode_D19B.TXT		
UN02000008		SC	Code List. Identifier		Payment Terms Event_ Time Reference	Code List	Identifier		Identifier	0	1		2475_Payment Terms Event	
UN02000008		SC	Code List. Agency. Identifier		Payment Terms Event_ Time Reference	Code List	Agency		Identifier	0	1		6	
UN02000008		SC	Code List. Version. Identifier		Payment Terms Event_ Time Reference	Code List	Version		Identifier	0	1		D19B	
UN02000083		CC	Code. Content	A character string used to represent the payment terms type.	Payment Terms Type	Code				1	1	UNECE_PaymentTermsTypeCode_D19B.TXT		
UN02000083		SC	Code List. Identifier		Payment Terms Type	Code List	Identifier		Identifier	0	1		4279	
UN02000083		SC	Code List. Agency. Identifier		Payment Terms Type	Code List	Agency		Identifier	0	1		6	
UN02000083		SC	Code List. Version. Identifier		Payment Terms Type	Code List	Version		Identifier	0	1		D19B	
UN02000083		SC	Code. Name. Text		Payment Terms Type	Code	Name		Text	0	1			
UN02000012		CC	Identifier. Content	A character string used to represent a payment terms.	Payment Terms	Identifier				1	1	UNECE_PaymentTermsDescriptionIdentifier_D19B.TXT		
UN02000012		SC	Identification Scheme. Identifier		Payment Terms	Identification Scheme	Identifier		Identifier	0	1		4277	
UN02000012		SC	Identification Scheme Agency. Identifier		Payment Terms	Identification Scheme Agency	Identifier		Identifier	0	1		6	
UN02000012		SC	Identification Scheme. Version. Identifier		Payment Terms	Identification Scheme	Version		Identifier	0	1		D19B	
UN02000114		CC	Code. Content	A character string used to represent or replace a planning level.	Planning Level	Code				1	1	UNECE_PlanningLevelCode_D10B.TXT		
UN02000114		SC	Code List. Identifier		Planning Level	Code List	Identifier		Identifier	0	1		PlanningLevel	
UN02000114		SC	Code List. Agency. Identifier		Planning Level	Code List	Agency		Identifier	0	1		6	
UN02000114		SC	Code List. Version. Identifier		Planning Level	Code List	Version		Identifier	0	1		D10B	
UN02000013		CC	Code. Content	A character string used to represent or replace a type of price.	Price Type	Code				1	1	UNECE_PriceTypeCode_D19B.TXT		
UN02000013		SC	Code List. Identifier		Price Type	Code List	Identifier		Identifier	0	1		5375	
UN02000013		SC	Code List. Agency. Identifier		Price Type	Code List	Agency		Identifier	0	1		6	
UN02000013		SC	Code List. Version. Identifier		Price Type	Code List	Version		Identifier	0	1		D19B	
UN02000127		CC	Code. Content	A character string used to represent a priority.	Priority Description	Code				1	1	UNECE_PriorityDescriptionCode_D19B.TXT		
UN02000127		SC	Code List. Identifier		Priority Description	Code List	Identifier		Identifier	0	1		4037	
UN02000127		SC	Code List. Agency. Identifier		Priority Description	Code List	Agency		Identifier	0	1		6	
UN02000127		SC	Code List. Version. Identifier		Priority Description	Code List	Version		Identifier	0	1		D19B	
UN02000127		SC	Code List. Uniform Resource. Identifier		Priority Description	Code List	Uniform Resource		Identifier	0	1			
UN02000045		CC	Code. Content	A character string used to replace or represent a type of process.	Process Type	Code				1	1	UNECE_ProcessTypeCode_D19B.TXT		
UN02000045		SC	Code List. Identifier		Process Type	Code List	Identifier		Identifier	0	1		7187	
UN02000045		SC	Code List. Agency. Identifier		Process Type	Code List	Agency		Identifier	0	1		6	
UN02000045		SC	Code List. Version. Identifier		Process Type	Code List	Version		Identifier	0	1		D19B	
UN02000045		SC	Code. Name. Text		Process Type	Code	Name		Text	0	1			
UN02000032		CC	Code. Content	A character string used to replace or represent a type of project.	Project Type	Code				1	1	UNECE_ProjectTypeCode_D10B.TXT		
UN02000032		SC	Code List. Identifier		Project Type	Code List	Identifier		Identifier	0	1		9665	
UN02000032		SC	Code List. Agency. Identifier		Project Type	Code List	Agency		Identifier	0	1		6	
UN02000032		SC	Code List. Version. Identifier		Project Type	Code List	Version		Identifier	0	1		D10B	
UN02000128		CC	Code. Content	A character string used to represent a quotation document type.	Quotation_ Document	Code				1	1	UNECE_DocumentTypeCode_Quotation_D19B.TXT		
UN02000128		SC	Code List. Identifier		Quotation_ Document	Code List	Identifier		Identifier	0	1		1001_Quotation	
UN02000128		SC	Code List. Agency. Identifier		Quotation_ Document	Code List	Agency		Identifier	0	1		6	
UN02000128		SC	Code List. Version. Identifier		Quotation_ Document	Code List	Version		Identifier	0	1		D19B	
UN02000128		SC	Code List. Uniform Resource. Identifier		Quotation_ Document	Code List	Uniform Resource		Identifier	0	1			
UN02000048		CC	Code. Content	A character string used to represent a reference.	Reference	Code				1	1	UNECE_ReferenceTypeCode_D19B.TXT		
UN02000048		SC	Code List. Identifier		Reference	Code List	Identifier		Identifier	0	1		1153	
UN02000048		SC	Code List. Agency. Identifier		Reference	Code List	Agency		Identifier	0	1		6	
UN02000048		SC	Code List. Version. Identifier		Reference	Code List	Version		Identifier	0	1		D19B	
UN02000048		SC	Code. Name. Text		Reference	Code	Name		Text	0	1			
UN02000136		CC	Code. Content	A character string used to represent the type of a refund method.	Refund Method	Code				1	1	EDIFICASEU_RefundMethod_D11A.TXT		
UN02000136		SC	Code List. Identifier		Refund Method	Code List	Identifier		Identifier	0	1		AccountingE022	
UN02000136		SC	Code List. Agency. Identifier		Refund Method	Code List	Agency		Identifier	0	1		210	
UN02000136		SC	Code List. Version. Identifier		Refund Method	Code List	Version		Identifier	0	1		D11A	
UN02000136		SC	Code List. Uniform Resource. Identifier		Refund Method	Code List	Uniform Resource		Identifier	0	1		http://www.edificas.eu/index.php/eng/Download/Code-lists	
UN02000130		CC	Code. Content	A character string used to represent a remittance document type.	Remittance_ Document	Code				1	1	UNECE_DocumentNameCode_Remittance_D19B.TXT		
UN02000130		SC	Code List. Identifier		Remittance_ Document	Code List	Identifier		Identifier	0	1		1001_Remittance	
UN02000130		SC	Code List. Agency. Identifier		Remittance_ Document	Code List	Agency		Identifier	0	1		6	
UN02000130		SC	Code List. Version. Identifier		Remittance_ Document	Code List	Version		Identifier	0	1		D19B	
UN02000130		SC	Code List. Uniform Resource. Identifier		Remittance_ Document	Code List	Uniform Resource		Identifier	0	1			
UN02000033		CC	Code. Content	A character string used to represent or replace a type of trigger for a reporting threshold.	Reporting Threshold Trigger Type	Code				1	1	UNECE_ReportingThresholdTriggerType_D10B.TXT		
UN02000033		SC	Code List. Identifier		Reporting Threshold Trigger Type	Code List	Identifier		Identifier	0	1		9667	
UN02000033		SC	Code List. Agency. Identifier		Reporting Threshold Trigger Type	Code List	Agency		Identifier	0	1		6	
UN02000033		SC	Code List. Version. Identifier		Reporting Threshold Trigger Type	Code List	Version		Identifier	0	1		D10B	
UN02000034		CC	Code. Content	A character string used to represent or replace a cost category for a resource.	Resource Cost Category	Code				1	1	UNECE_ResourceCostCategory_D10B.TXT		
UN02000034		SC	Code List. Identifier		Resource Cost Category	Code List	Identifier		Identifier	0	1		9669	
UN02000034		SC	Code List. Agency. Identifier		Resource Cost Category	Code List	Agency		Identifier	0	1		6	
UN02000034		SC	Code List. Version. Identifier		Resource Cost Category	Code List	Version		Identifier	0	1		D10B	
UN02000035		CC	Code. Content	A character string used to represent or replace the type of resource plan measure.	Resource Plan Measure Type	Code				1	1	UNECE_ResourcePlanMeasureType_D10B.TXT		
UN02000035		SC	Code List. Identifier		Resource Plan Measure Type	Code List	Identifier		Identifier	0	1		9671	
UN02000035		SC	Code List. Agency. Identifier		Resource Plan Measure Type	Code List	Agency		Identifier	0	1		6	
UN02000035		SC	Code List. Version. Identifier		Resource Plan Measure Type	Code List	Version		Identifier	0	1		D10B	
UN02000131		CC	Code. Content	A character string used to represent a response type.	Response Type	Code				1	1	UNECE_ResponseTypeCode_D19B.TXT		
UN02000131		SC	Code List. Identifier		Response Type	Code List	Identifier		Identifier	0	1		4343	
UN02000131		SC	Code List. Agency. Identifier		Response Type	Code List	Agency		Identifier	0	1		6	
UN02000131		SC	Code List. Version. Identifier		Response Type	Code List	Version		Identifier	0	1		D19B	
UN02000131		SC	Code List. Uniform Resource. Identifier		Response Type	Code List	Uniform Resource		Identifier	0	1			
UN02000145		CC	Code. Content	A character string used to represent a responsible government agency involvement.	Responsible Government Agency Involvement	Code				1	1	UNECE_ResponsibleAgencyInvolvementCode_D19B.TXT		
UN02000145		SC	Code List. Identifier		Responsible Government Agency Involvement	Code List	Identifier		Identifier	0	1		9411	
UN02000145		SC	Code List. Agency. Identifier		Responsible Government Agency Involvement	Code List	Agency		Identifier	0	1		6	
UN02000145		SC	Code List. Version. Identifier		Responsible Government Agency Involvement	Code List	Version		Identifier	0	1		D19B	
UN02000145		SC	Code. Name. Text		Responsible Government Agency Involvement	Code	Name		Text	0	1			
UN02000146		CC	Code. Content	A character string used to represent a responsible government agency.	Responsible Government Agency	Code				1	1	UNECE_ResponsibleAgencyCode_D19B.TXT		
UN02000146		SC	Code List. Identifier		Responsible Government Agency	Code List	Identifier		Identifier	0	1		9415	
UN02000146		SC	Code List. Agency. Identifier		Responsible Government Agency	Code List	Agency		Identifier	0	1		6	
UN02000146		SC	Code List. Version. Identifier		Responsible Government Agency	Code List	Version		Identifier	0	1		D19B	
UN02000146		SC	Code. Name. Text		Responsible Government Agency	Code	Name		Text	0	1			
UN02000159		CC	Code. Content	A character string used to represent the type of scenario.	Scenario Type	Code				1	1	EDIFICASEU_ScenarioType_D11A.TXT		
UN02000159		SC	Code List. Identifier		Scenario Type	Code List	Identifier		Identifier	0	1		AccountingE018	
UN02000159		SC	Code List. Agency. Identifier		Scenario Type	Code List	Agency		Identifier	0	1		210	
UN02000159		SC	Code List. Version. Identifier		Scenario Type	Code List	Version		Identifier	0	1		D11A	
UN02000159		SC	Code List. Uniform Resource. Identifier		Scenario Type	Code List	Uniform Resource		Identifier	0	1		http://www.edificas.eu/index.php/eng/Download/Code-lists	
UN02000036		CC	Code. Content	A character string used to represent or replace a type of relationship between schedule tasks.	Schedule Task Relationship Type	Code				1	1	UNECE_ScheduleTaskRelationshipType_D10B.TXT		
UN02000036		SC	Code List. Identifier		Schedule Task Relationship Type	Code List	Identifier		Identifier	0	1		9673	
UN02000036		SC	Code List. Agency. Identifier		Schedule Task Relationship Type	Code List	Agency		Identifier	0	1		6	
UN02000036		SC	Code List. Version. Identifier		Schedule Task Relationship Type	Code List	Version		Identifier	0	1		D10B	
UN02000037		CC	Code. Content	A character string used to represent or replace a type of schedule task.	Schedule Task Type	Code				1	1	UNECE_ScheduleTaskType_D10B.TXT		
UN02000037		SC	Code List. Identifier		Schedule Task Type	Code List	Identifier		Identifier	0	1		9675	
UN02000037		SC	Code List. Agency. Identifier		Schedule Task Type	Code List	Agency		Identifier	0	1		6	
UN02000037		SC	Code List. Version. Identifier		Schedule Task Type	Code List	Version		Identifier	0	1		D10B	
UN02000115		CC	Code. Content	A character string used to represent or replace a type of schedule.	Schedule Type	Code				1	1	UNECE_ScheduleTypeCode_D10B.TXT		
UN02000115		SC	Code List. Identifier		Schedule Type	Code List	Identifier		Identifier	0	1		ScheduleType	
UN02000115		SC	Code List. Agency. Identifier		Schedule Type	Code List	Agency		Identifier	0	1		6	
UN02000115		SC	Code List. Version. Identifier		Schedule Type	Code List	Version		Identifier	0	1		D10B	
UN02000132		CC	Code. Content	A character string used to represent a scheduling document type.	Scheduling_ Document	Code				1	1	UNECE_DocumentTypeCode_Scheduling_D19B.TXT		
UN02000132		SC	Code List. Identifier		Scheduling_ Document	Code List	Identifier		Identifier	0	1		1001_Scheduling	
UN02000132		SC	Code List. Agency. Identifier		Scheduling_ Document	Code List	Agency		Identifier	0	1		6	
UN02000132		SC	Code List. Version. Identifier		Scheduling_ Document	Code List	Version		Identifier	0	1		D19B	
UN02000132		SC	Code List. Uniform Resource. Identifier		Scheduling_ Document	Code List	Uniform Resource		Identifier	0	1			
UN02000084		CC	Code. Content	A character string used to represent the seal condition.	Seal Condition	Code				1	1	UNECE_SealConditionCode_D19B.TXT		
UN02000084		SC	Code List. Identifier		Seal Condition	Code List	Identifier		Identifier	0	1		4517	
UN02000084		SC	Code List. Agency. Identifier		Seal Condition	Code List	Agency		Identifier	0	1		6	
UN02000084		SC	Code List. Version. Identifier		Seal Condition	Code List	Version		Identifier	0	1		D19B	
UN02000084		SC	Code. Name. Text		Seal Condition	Code	Name		Text	0	1			
UN02000060		CC	Code. Content	A character string used to represent a type of seal.	Seal Type	Code				1	1	UNECE_SealTypeCode_D19B.TXT		
UN02000060		SC	Code List. Identifier		Seal Type	Code List	Identifier		Identifier	0	1		Seal Type Code	
UN02000060		SC	Code List. Agency. Identifier		Seal Type	Code List	Agency		Identifier	0	1		6	
UN02000060		SC	Code List. Version. Identifier		Seal Type	Code List	Version		Identifier	0	1		D19B	
UN02000060		SC	Code. Name. Text		Seal Type	Code	Name		Text	0	1			
UN02000085		CC	Code. Content	A character string used to represent the sealing party role.	Sealing Party Role	Code				1	1	UNECE_SealingPartyRoleCode_D19B.TXT		
UN02000085		SC	Code List. Identifier		Sealing Party Role	Code List	Identifier		Identifier	0	1		9303	
UN02000085		SC	Code List. Agency. Identifier		Sealing Party Role	Code List	Agency		Identifier	0	1		6	
UN02000085		SC	Code List. Version. Identifier		Sealing Party Role	Code List	Version		Identifier	0	1		D19B	
UN02000085		SC	Code. Name. Text		Sealing Party Role	Code	Name		Text	0	1			
UN02000038		CC	Code. Content	A character string used to replace or represent a security classification.	Security Classification Type	Code				1	1	UNECE_SecurityClassificationType_D10B.TXT		
UN02000038		SC	Code List. Identifier		Security Classification Type	Code List	Identifier		Identifier	0	1		9677	
UN02000038		SC	Code List. Agency. Identifier		Security Classification Type	Code List	Agency		Identifier	0	1		6	
UN02000038		SC	Code List. Version. Identifier		Security Classification Type	Code List	Version		Identifier	0	1		D10B	
UN02000170		CC	Code. Content	A character string used to represent the type of software user.	Software User Type	Code				1	1	EDIFICASEU_SoftwareUserType_D11A.TXT		
UN02000170		SC	Code List. Identifier		Software User Type	Code List	Identifier		Identifier	0	1		AccountingE019	
UN02000170		SC	Code List. Agency. Identifier		Software User Type	Code List	Agency		Identifier	0	1		210	
UN02000170		SC	Code List. Version. Identifier		Software User Type	Code List	Version		Identifier	0	1		D11A	
UN02000170		SC	Code List. Uniform Resource. Identifier		Software User Type	Code List	Uniform Resource		Identifier	0	1		http://www.edificas.eu/index.php/eng/Download/Code-lists	
UN02000047		CC	Code. Content	A character string used to represent a status.	Status	Code				1	1	UNECE_StatusCode_D19B.TXT		
UN02000047		SC	Code List. Identifier		Status	Code List	Identifier		Identifier	0	1		4405	
UN02000047		SC	Code List. Agency. Identifier		Status	Code List	Agency		Identifier	0	1		6	
UN02000047		SC	Code List. Version. Identifier		Status	Code List	Version		Identifier	0	1		D19B	
UN02000047		SC	Code. Name. Text		Status	Code	Name		Text	0	1			
UN02000047		SC	Code List. Uniform Resource. Identifier		Status	Code List	Uniform Resource		Identifier	0	1			
UN02000133		CC	Code. Content	A character string used to represent a subject code.	Subject	Code				1	1	UNECE_SubjectCode_D19B.TXT		
UN02000133		SC	Code List. Identifier		Subject	Code List	Identifier		Identifier	0	1		4451	
UN02000133		SC	Code List. Agency. Identifier		Subject	Code List	Agency		Identifier	0	1		6	
UN02000133		SC	Code List. Version. Identifier		Subject	Code List	Version		Identifier	0	1		D19B	
UN02000133		SC	Code List. Uniform Resource. Identifier		Subject	Code List	Uniform Resource		Identifier	0	1			
UN02000014		CC	Code. Content	A character string used to represent a duty or tax category.	Tax Category	Code				1	1	UNECE_DutyorTaxorFeeCategoryCode_D19B.TXT		
UN02000014		SC	Code List. Identifier		Tax Category	Code List	Identifier		Identifier	0	1		5305	
UN02000014		SC	Code List. Agency. Identifier		Tax Category	Code List	Agency		Identifier	0	1		6	
UN02000014		SC	Code List. Version. Identifier		Tax Category	Code List	Version		Identifier	0	1		D19B	
UN02000014		SC	Code List. Uniform Resource. Identifier		Tax Category	Code List	Uniform Resource		Identifier	0	1			
UN02000108		CC	Code. Content	A character string used to represent or replace a reason for tax exemption.	Tax Exemption Reason	Code				1	1	EDIFICASEU_TaxExemptionReason_D11A.TXT		
UN02000108		SC	Code List. Identifier		Tax Exemption Reason	Code List	Identifier		Identifier	0	1		AccountingE307	
UN02000108		SC	Code List. Agency. Identifier		Tax Exemption Reason	Code List	Agency		Identifier	0	1		210	
UN02000108		SC	Code List. Version. Identifier		Tax Exemption Reason	Code List	Version		Identifier	0	1		D11A	
UN02000108		SC	Code List. Uniform Resource. Identifier		Tax Exemption Reason	Code List	Uniform Resource		Identifier	0	1		http://www.edificas.eu/index.php/eng/Download/Code-lists	
UN02000015		CC	Code. Content	A character string used to represent or replace a tax type.	Tax Type	Code				1	1	UNECE_DutyTaxFeeTypeCode_D19B.TXT		
UN02000015		SC	Code List. Identifier		Tax Type	Code List	Identifier		Identifier	0	1		5153	
UN02000015		SC	Code List. Agency. Identifier		Tax Type	Code List	Agency		Identifier	0	1		6	
UN02000015		SC	Code List. Version. Identifier		Tax Type	Code List	Version		Identifier	0	1		D19B	
UN02000015		SC	Code List. Uniform Resource. Identifier		Tax Type	Code List	Uniform Resource		Identifier	0	1			
UN02000046		CC	Code. Content	A character string used to replace or represent a type of temperature.	Temperature Type	Code				1	1	UNECE_TemperatureTypeCode_D19B.TXT		
UN02000046		SC	Code List. Identifier		Temperature Type	Code List	Identifier		Identifier	0	1		6245	
UN02000046		SC	Code List. Agency. Identifier		Temperature Type	Code List	Agency		Identifier	0	1		6	
UN02000046		SC	Code List. Version. Identifier		Temperature Type	Code List	Version		Identifier	0	1		D19B	
UN02000046		SC	Code. Name. Text		Temperature Type	Code	Name		Text	0	1			
UN02000093		CC	Measure. Content	The numeric value determined by temperature measuring.	Temperature	Measure				1	1			
UN02000093		SC	Measure Unit. Code		Temperature	Measure Unit	Code		Code	0	1	UNECE_MeasurementUnitCommonCodeTemperature_4.TXT		
UN02000093		SC	Measure Unit. Code List Version. Identifier		Temperature	Measure Unit	Code List Version		Identifier	0	1		4	
UN02000183		CC	Date Time. Content	A time specific formatted point in the progression of time.	Formatted	Date Time				1	1			
UN02000183		SC	Date Time. Format. Text		Formatted	Date Time	Format		Text	0	1	UNECE_TimeOnlyFormatCode2379_D19B.TXT		
UN02000016		CC	Code. Content	A character string used to represent a time reference.	Time Reference	Code				1	1	UNECE_EventTimeReferenceCode_D19B.TXT		
UN02000016		SC	Code List. Identifier		Time Reference	Code List	Identifier		Identifier	0	1		2475	
UN02000016		SC	Code List. Agency. Identifier		Time Reference	Code List	Agency		Identifier	0	1		6	
UN02000016		SC	Code List. Version. Identifier		Time Reference	Code List	Version		Identifier	0	1		D19B	
UN02000016		SC	Code. Name. Text		Time Reference	Code	Name		Text	0	1			
UN02000187		CC	Code. Content	A character string used to specify a title.	Accounting Amount Qualifier	Code				1	1	Title_D19B.TXT		
UN02000187		SC	Code List. Identifier		Accounting Amount Qualifier	Code List	Identifier		Identifier	0	1		Name Prefix Code_	
UN02000187		SC	Code List. Agency. Identifier		Accounting Amount Qualifier	Code List	Agency		Identifier	0	1		5	
UN02000187		SC	Code List. Version. Identifier		Accounting Amount Qualifier	Code List	Version		Identifier	0	1		D19B	
UN02000187		SC	Code List. Uniform Resource. Identifier		Accounting Amount Qualifier	Code List	Uniform Resource		Identifier	0	1		https://www.iso20022.org/standardsrepository/public/wqt/Description/mx/dico/codesets/_aM_9hNp-Ed-ak6NoX_4Aeg_1660850708	
UN02000087		CC	Code. Content	A character string used to represent the transport equipment category.	Transport Equipment Category	Code				1	1	UNECE_TransportEquipmentCategoryCode_D19B.TXT		
UN02000087		SC	Code List. Identifier		Transport Equipment Category	Code List	Identifier		Identifier	0	1		8053	
UN02000087		SC	Code List. Agency. Identifier		Transport Equipment Category	Code List	Agency		Identifier	0	1		6	
UN02000087		SC	Code List. Version. Identifier		Transport Equipment Category	Code List	Version		Identifier	0	1		D19B	
UN02000087		SC	Code. Name. Text		Transport Equipment Category	Code	Name		Text	0	1			
UN02000088		CC	Code. Content	A character string used to represent the transport equipment fullness.	Transport Equipment Fullness	Code				1	1	UNECE_TransportEquipmentFullnessCode_D19B.TXT		
UN02000088		SC	Code List. Identifier		Transport Equipment Fullness	Code List	Identifier		Identifier	0	1		8169	
UN02000088		SC	Code List. Agency. Identifier		Transport Equipment Fullness	Code List	Agency		Identifier	0	1		6	
UN02000088		SC	Code List. Version. Identifier		Transport Equipment Fullness	Code List	Version		Identifier	0	1		D19B	
UN02000088		SC	Code. Name. Text		Transport Equipment Fullness	Code	Name		Text	0	1			
UN02000089		CC	Code. Content	A character string used to represent the transport equipment haulage arrangements.	Transport Equipment Haulage Arrangements	Code				1	1	UNECE_TransportEquipmentHaulageArrangementsCode_D19B.TXT		
UN02000089		SC	Code List. Identifier		Transport Equipment Haulage Arrangements	Code List	Identifier		Identifier	0	1		8341	
UN02000089		SC	Code List. Agency. Identifier		Transport Equipment Haulage Arrangements	Code List	Agency		Identifier	0	1		6	
UN02000089		SC	Code List. Version. Identifier		Transport Equipment Haulage Arrangements	Code List	Version		Identifier	0	1		D19B	
UN02000089		SC	Code. Name. Text		Transport Equipment Haulage Arrangements	Code	Name		Text	0	1			
UN02000175		CC	Code. Content	A character string used to represent the transport equipment legal status.	Transport Equipment Legal Status	Code				1	1	UNECE_TransportEquipmentLegalStatusCode_D19B.TXT		
UN02000175		SC	Code List. Identifier		Transport Equipment Legal Status	Code List	Identifier		Identifier	0	1		8249c	
UN02000175		SC	Code List. Agency. Identifier		Transport Equipment Legal Status	Code List	Agency		Identifier	0	1		6	
UN02000175		SC	Code List. Version. Identifier		Transport Equipment Legal Status	Code List	Version		Identifier	0	1		D19B	
UN02000175		SC	Code. Name. Text		Transport Equipment Legal Status	Code	Name		Text	0	1			
UN02000176		CC	Code. Content	A character string used to represent the transport equipment movement status.	Transport Equipment Movement Status	Code				1	1	UNECE_TransportEquipmentMovementStatusCode_D19B.TXT		
UN02000176		SC	Code List. Identifier		Transport Equipment Movement Status	Code List	Identifier		Identifier	0	1		8249a	
UN02000176		SC	Code List. Agency. Identifier		Transport Equipment Movement Status	Code List	Agency		Identifier	0	1		6	
UN02000176		SC	Code List. Version. Identifier		Transport Equipment Movement Status	Code List	Version		Identifier	0	1		D19B	
UN02000176		SC	Code. Name. Text		Transport Equipment Movement Status	Code	Name		Text	0	1			
UN02000177		CC	Code. Content	A character string used to represent the transport equipment operational status.	Transport Equipment Operational Status	Code				1	1	UNECE_TransportEquipmentOperationalStatusCode_D19B.TXT		
UN02000177		SC	Code List. Identifier		Transport Equipment Operational Status	Code List	Identifier		Identifier	0	1		8249b	
UN02000177		SC	Code List. Agency. Identifier		Transport Equipment Operational Status	Code List	Agency		Identifier	0	1		6	
UN02000177		SC	Code List. Version. Identifier		Transport Equipment Operational Status	Code List	Version		Identifier	0	1		D19B	
UN02000177		SC	Code. Name. Text		Transport Equipment Operational Status	Code	Name		Text	0	1			
UN02000061		CC	Code. Content	A character string used to represent a size and type of transport equipment.	Transport Equipment Size Type	Code				1	1	UNECE_EquipmentSizeTypeDescriptionCode_D19B.TXT		
UN02000061		SC	Code List. Identifier		Transport Equipment Size Type	Code List	Identifier		Identifier	0	1		8155	
UN02000061		SC	Code List. Agency. Identifier		Transport Equipment Size Type	Code List	Agency		Identifier	0	1		6	
UN02000061		SC	Code List. Version. Identifier		Transport Equipment Size Type	Code List	Version		Identifier	0	1		D19B	
UN02000061		SC	Code. Name. Text		Transport Equipment Size Type	Code	Name		Text	0	1			
UN02000063		CC	Code. Content	A character string used to represent the transport equipment supplier party role.	Transport Equipment Supplier Party Role	Code				1	1	UNECE_EquipmentSupplierCode_D19B.TXT		
UN02000063		SC	Code List. Identifier		Transport Equipment Supplier Party Role	Code List	Identifier		Identifier	0	1		8077	
UN02000063		SC	Code List. Agency. Identifier		Transport Equipment Supplier Party Role	Code List	Agency		Identifier	0	1		6	
UN02000063		SC	Code List. Version. Identifier		Transport Equipment Supplier Party Role	Code List	Version		Identifier	0	1		D19B	
UN02000063		SC	Code. Name. Text		Transport Equipment Supplier Party Role	Code	Name		Text	0	1			
UN02000090		CC	Code. Content	A character string used to represent the transport means direction.	Transport Means Direction	Code				1	1	UNECE_TransportMeansDirectionCode_D19B.TXT		
UN02000090		SC	Code List. Identifier		Transport Means Direction	Code List	Identifier		Identifier	0	1		8101	
UN02000090		SC	Code List. Agency. Identifier		Transport Means Direction	Code List	Agency		Identifier	0	1		6	
UN02000090		SC	Code List. Version. Identifier		Transport Means Direction	Code List	Version		Identifier	0	1		D19B	
UN02000090		SC	Code. Name. Text		Transport Means Direction	Code	Name		Text	0	1			
UN02000098		CC	Code. Content	A character string used to represent the transport means type.	Transport Means Type	Code				1	1	UNECE_TransportMeansTypeCode_2007.TXT		
UN02000098		SC	Code List. Identifier		Transport Means Type	Code List	Identifier		Identifier	0	1		Recommendation 28	
UN02000098		SC	Code List. Agency. Identifier		Transport Means Type	Code List	Agency		Identifier	0	1		6	
UN02000098		SC	Code List. Version. Identifier		Transport Means Type	Code List	Version		Identifier	0	1		2007	
UN02000098		SC	Code. Name. Text		Transport Means Type	Code	Name		Text	0	1			
UN02000018		CC	Code. Content	A character string used to represent a transport mode.	Transport Mode	Code				1	1	UNECE_TransportModeCode_2.TXT		
UN02000018		SC	Code List. Identifier		Transport Mode	Code List	Identifier		Identifier	0	1		Recommendation 19	
UN02000018		SC	Code List. Agency. Identifier		Transport Mode	Code List	Agency		Identifier	0	1		6	
UN02000018		SC	Code List. Version. Identifier		Transport Mode	Code List	Version		Identifier	0	1		2	
UN02000018		SC	Code. Name. Text		Transport Mode	Code	Name		Text	0	1			
UN02000091		CC	Code. Content	A character string used to represent the transport movement stage.	Transport Movement Stage	Code				1	1	UNECE_TransportMovementStageCode_D19B.TXT		
UN02000091		SC	Code List. Identifier		Transport Movement Stage	Code List	Identifier		Identifier	0	1		8051	
UN02000091		SC	Code List. Agency. Identifier		Transport Movement Stage	Code List	Agency		Identifier	0	1		6	
UN02000091		SC	Code List. Version. Identifier		Transport Movement Stage	Code List	Version		Identifier	0	1		D19B	
UN02000091		SC	Code. Name. Text		Transport Movement Stage	Code	Name		Text	0	1			
UN02000147		CC	Code. Content	A character string used to represent a transport movement type.	Transport Movement Type	Code				1	1	UNECE_TransportMovementTypeCode_D19B.TXT		
UN02000147		SC	Code List. Identifier		Transport Movement Type	Code List	Identifier		Identifier	0	1		8323	
UN02000147		SC	Code List. Agency. Identifier		Transport Movement Type	Code List	Agency		Identifier	0	1		6	
UN02000147		SC	Code List. Version. Identifier		Transport Movement Type	Code List	Version		Identifier	0	1		D19B	
UN02000147		SC	Code. Name. Text		Transport Movement Type	Code	Name		Text	0	1			
UN02000148		CC	Code. Content	A character string used to represent a transport service category.	Transport Service Category	Code				1	1	UNECE_TransportServiceCategoryCode_D19B.TXT		
UN02000148		SC	Code List. Identifier		Transport Service Category	Code List	Identifier		Identifier	0	1		5237	
UN02000148		SC	Code List. Agency. Identifier		Transport Service Category	Code List	Agency		Identifier	0	1		6	
UN02000148		SC	Code List. Version. Identifier		Transport Service Category	Code List	Version		Identifier	0	1		D19B	
UN02000148		SC	Code. Name. Text		Transport Service Category	Code	Name		Text	0	1			
UN02000149		CC	Code. Content	A character string used to represent a transport service condition.	Transport Service Condition	Code				1	1	UNECE_TransportServiceConditionCode_D19B.TXT		
UN02000149		SC	Code List. Identifier		Transport Service Condition	Code List	Identifier		Identifier	0	1		4065	
UN02000149		SC	Code List. Agency. Identifier		Transport Service Condition	Code List	Agency		Identifier	0	1		6	
UN02000149		SC	Code List. Version. Identifier		Transport Service Condition	Code List	Version		Identifier	0	1		D19B	
UN02000149		SC	Code. Name. Text		Transport Service Condition	Code	Name		Text	0	1			
UN02000150		CC	Code. Content	A character string used to represent a transport service payment arrangement.	Transport Service Payment Arrangement	Code				1	1	UNECE_TransportPaymentArrangementCode_D19B.TXT		
UN02000150		SC	Code List. Identifier		Transport Service Payment Arrangement	Code List	Identifier		Identifier	0	1		4237	
UN02000150		SC	Code List. Agency. Identifier		Transport Service Payment Arrangement	Code List	Agency		Identifier	0	1		6	
UN02000150		SC	Code List. Version. Identifier		Transport Service Payment Arrangement	Code List	Version		Identifier	0	1		D19B	
UN02000150		SC	Code. Name. Text		Transport Service Payment Arrangement	Code	Name		Text	0	1			
UN02000151		CC	Code. Content	A character string used to represent a transport service priority.	Transport Service Priority	Code				1	1	UNECE_TransportServicePriorityCode_D19B.TXT		
UN02000151		SC	Code List. Identifier		Transport Service Priority	Code List	Identifier		Identifier	0	1		4219	
UN02000151		SC	Code List. Agency. Identifier		Transport Service Priority	Code List	Agency		Identifier	0	1		6	
UN02000151		SC	Code List. Version. Identifier		Transport Service Priority	Code List	Version		Identifier	0	1		D19B	
UN02000151		SC	Code. Name. Text		Transport Service Priority	Code	Name		Text	0	1			
UN02000152		CC	Code. Content	A character string used to represent a transport service requirement.	Transport Service Requirement	Code				1	1	UNECE_TransportServiceRequirementCode_D19B.TXT		
UN02000152		SC	Code List. Identifier		Transport Service Requirement	Code List	Identifier		Identifier	0	1		7273	
UN02000152		SC	Code List. Agency. Identifier		Transport Service Requirement	Code List	Agency		Identifier	0	1		6	
UN02000152		SC	Code List. Version. Identifier		Transport Service Requirement	Code List	Version		Identifier	0	1		D19B	
UN02000152		SC	Code. Name. Text		Transport Service Requirement	Code	Name		Text	0	1			
UN02000181		CC	Measure. Content	A code specifying a unit of measure.	Weight	Measure				1	1			
UN02000181		SC	Measure Unit. Code		Weight	Measure Unit	Code		Code	0	1	UNECE_MeasurementUnitCommonCode_4.TXT		
UN02000181		SC	Measure Unit. Code List Version. Identifier		Weight	Measure Unit	Code List Version		Identifier	0	1		4	
UN02000189		CC	Code. Content	A character string used to represent the document status condition of a validation document.	Access Rights Type	Code				1	1	UNECE_ValidationDocumentStatusCode_D19B.TXT		
UN02000189		SC	Code List. Identifier		Access Rights Type	Code List	Identifier		Identifier	0	1		1373	
UN02000189		SC	Code List. Agency. Identifier		Access Rights Type	Code List	Agency		Identifier	0	1		6	
UN02000189		SC	Code List. Version. Identifier		Access Rights Type	Code List	Version		Identifier	0	1		D19B	
UN02000189		SC	Code List. Uniform Resource. Identifier		Access Rights Type	Code List	Uniform Resource		Identifier	0	1			
UN02000094		CC	Measure. Content	The numeric value determined by volume measuring.	Volume	Measure				1	1			
UN02000094		SC	Measure Unit. Code		Volume	Measure Unit	Code		Code	0	1	UNECE_MeasurementUnitCommonCodeVolume_4.TXT		
UN02000094		SC	Measure Unit. Code List Version. Identifier		Volume	Measure Unit	Code List Version		Identifier	0	1		4	
UN02000095		CC	Measure. Content	The numeric value determined by weight measuring.	Weight	Measure				1	1			
UN02000095		SC	Measure Unit. Code		Weight	Measure Unit	Code		Code	0	1	UNECE_MeasurementUnitCommonCodeWeight_4.TXT		
UN02000095		SC	Measure Unit. Code List Version. Identifier		Weight	Measure Unit	Code List Version		Identifier	0	1		4	
UN02000129		CC	Code. Content	A character string used to represent a workflow status.	Workflow_ Status	Code				1	1	UNECE_StatusCode_Workflow_D19B.TXT		
UN02000129		SC	Code List. Identifier		Workflow_ Status	Code List	Identifier		Identifier	0	1		4405_Workflow	
UN02000129		SC	Code List. Agency. Identifier		Workflow_ Status	Code List	Agency		Identifier	0	1		6	
UN02000129		SC	Code List. Version. Identifier		Workflow_ Status	Code List	Version		Identifier	0	1		D19B	
UN02000129		SC	Code List. Uniform Resource. Identifier		Workflow_ Status	Code List	Uniform Resource		Identifier	0	1			
