kind,level,name,@name,parent,@base,@type,restriction@base,enumeration@value,@minOccurs,@maxOccurs,@desc,path,refpath,any@namespace,any@minOccurs,any@desc,any@namespace,any@minOccurs,any@desc
ABIE,,AuditFile,AuditFile,,,,,,,,,AuditFile,,,,,,,
ASBIE,1,Header,Header,AuditFile,,,,,,,Holds general information about the file including the name of the software which produced it; the company on whose behalf the SAF-T is being submitted; and the selection criteria used. An extension point is provided to allow individual Revenue Bodies to  specify further relevant information to be supplied.,AuditFile/Header,,##other,0,Represents space to allow individual Revenue Bodies to add further elements if required. See Annex A.,##other,0,Represents space to allow individual Revenue Bodies to add further elements if required. See Annex A.
ASBIE,2,HeaderStructure,,Header,HeaderStructure,,,,,,,AuditFile/Header/HeaderStructure,,,,,,,
BBIE,2,TaxAccountingBasis,TaxAccountingBasis,Header,,SAFshorttextType,,,,,"Invoice Accounting, Cash Accounting, Delivery, other ...",AuditFile/Header/TaxAccountingBasis,,,,,,,
BBIE,2,TaxEntity,TaxEntity,Header,,SAFmiddle2textType,,,zero,,Company / Division / Branch reference,AuditFile/Header/TaxEntity,,,,,,,
ASBIE,1,MasterFiles,MasterFiles,AuditFile,,,,,zero,,"Holds standing data about general ledger account, suppliers, customers, products, etc.. An extension point is provided to allow Revenue Bodies to specify additional elements or structures such as tax rate tables.",AuditFile/MasterFiles,,##other,0,Represents space to allow individual Revenue Bodies to specify additional standing data.,##other,0,Represents space to allow individual Revenue Bodies to specify additional standing data.
ASBIE,2,GeneralLedgerAccounts,GeneralLedgerAccounts,MasterFiles,,,,,zero,,,AuditFile/MasterFiles/GeneralLedgerAccounts,,,,,,,
ASBIE,3,Account,Account,GeneralLedgerAccounts,,,,,,unbounded,,AuditFile/MasterFiles/GeneralLedgerAccounts/Account,,##other,0,Represents space to allow individual Revenue Bodies to add further elements,##other,0,Represents space to allow individual Revenue Bodies to add further elements
IDBIE,4,AccountID,AccountID,Account,,SAFmiddle2textType,,,,,"General Ledger Account code. Can be including sub-account id. It can contain many different levels to identify the Account. It could include cost centres such as company, division, region, group and branch/department.",AuditFile/MasterFiles/GeneralLedgerAccounts/Account/AccountID,,,,,,,
BBIE,4,AccountDescription,AccountDescription,Account,,SAFlongtextType,,,,,Name of individual GL account,AuditFile/MasterFiles/GeneralLedgerAccounts/Account/AccountDescription,,,,,,,
BBIE,4,StandardAccountID,StandardAccountID,Account,,SAFmiddle1textType,,,zero,,AccountID based on a standard prescribed by authorities.,AuditFile/MasterFiles/GeneralLedgerAccounts/Account/StandardAccountID,,,,,,,
BBIE,4,GroupingCategory,GroupingCategory,Account,,SAFmiddle1textType,,,zero,,"Category for grouping the accounts, relevant in reconciling financial statements f.i.",AuditFile/MasterFiles/GeneralLedgerAccounts/Account/GroupingCategory,,,,,,,
BBIE,4,GroupingCode,GroupingCode,Account,,SAFmiddle1textType,,,zero,,"Subcode for grouping the accounts, relevant in reconciling financial statements f.i.",AuditFile/MasterFiles/GeneralLedgerAccounts/Account/GroupingCode,,,,,,,
BBIE,4,AccountType,AccountType,Account,,SAFshorttextType,,,,,Type of account  - Asset/Liability/Sale/Expense,AuditFile/MasterFiles/GeneralLedgerAccounts/Account/AccountType,,,,,,,
BBIE,4,AccountCreationDate,AccountCreationDate,Account,,date,,,zero,,Date of creating the generalledger account,AuditFile/MasterFiles/GeneralLedgerAccounts/Account/AccountCreationDate,,,,,,,
ASBIE,5,choice,OpeningDebitBalance/ClosingDebitBalance,OpeningBalance,,,,,,,,AuditFile/MasterFiles/GeneralLedgerAccounts/Account/OpeningBalance/choice,,,,,,,
BBIE,5,OpeningDebitBalance,OpeningDebitBalance,OpeningBalance,,SAFmonetaryType,,,,,Debit balance at the start date of the selection period in the header's default currency.,AuditFile/MasterFiles/GeneralLedgerAccounts/Account/OpeningBalance/OpeningDebitBalance,,,,,,,
BBIE,5,OpeningCreditBalance,OpeningCreditBalance,OpeningBalance,,SAFmonetaryType,,,,,Credit balance at the start date of the selection period in the header's default currency.,AuditFile/MasterFiles/GeneralLedgerAccounts/Account/OpeningBalance/OpeningCreditBalance,,,,,,,
ASBIE,5,choice,ClosingDebitBalance/ClosingCreditBalance,ClosingBalance,,,,,,,,AuditFile/MasterFiles/GeneralLedgerAccounts/Account/ClosingBalance/choice,,,,,,,
BBIE,5,ClosingDebitBalance,ClosingDebitBalance,ClosingBalance,,SAFmonetaryType,,,,,Debit balance at the end date of the selection period in the header's default currency.,AuditFile/MasterFiles/GeneralLedgerAccounts/Account/ClosingBalance/ClosingDebitBalance,,,,,,,
BBIE,5,ClosingCreditBalance,ClosingCreditBalance,ClosingBalance,,SAFmonetaryType,,,,,Credit balance at the end date of the selection period in the header's default currency.,AuditFile/MasterFiles/GeneralLedgerAccounts/Account/ClosingBalance/ClosingCreditBalance,,,,,,,
ASBIE,2,Taxonomies,Taxonomies,MasterFiles,,,,,zero,,,AuditFile/MasterFiles/Taxonomies,,,,,,,
ASBIE,3,Taxonomy,Taxonomy,Taxonomies,,,,,,unbounded,,AuditFile/MasterFiles/Taxonomies/Taxonomy,,,,,,,
BBIE,4,TaxonomyReference,TaxonomyReference,Taxonomy,,SAFlongtextType,,,,,Reference to the taxonomy that applies to the GL Account.,AuditFile/MasterFiles/Taxonomies/Taxonomy/TaxonomyReference,,,,,,,
ASBIE,4,TaxonomyElement,TaxonomyElement,Taxonomy,,,,,zero,unbounded,,AuditFile/MasterFiles/Taxonomies/Taxonomy/TaxonomyElement,,,,,,,
BBIE,5,TaxonomyCode,TaxonomyCode,TaxonomyElement,,SAFlongtextType,,,,,Reference to specific taxonomy element,AuditFile/MasterFiles/Taxonomies/Taxonomy/TaxonomyElement/TaxonomyCode,,,,,,,
BBIE,5,TaxonomyClusterID,TaxonomyClusterID,TaxonomyElement,,SAFlongtextType,,,zero,,Additional reference to specific taxonomy element,AuditFile/MasterFiles/Taxonomies/Taxonomy/TaxonomyElement/TaxonomyClusterID,,,,,,,
BBIE,5,TaxonomyClusterContextID,TaxonomyClusterContextID,TaxonomyElement,,SAFlongtextType,,,zero,,,AuditFile/MasterFiles/Taxonomies/Taxonomy/TaxonomyElement/TaxonomyClusterContextID,,,,,,,
RFBIE,5,AccountID,AccountID,TaxonomyElement,,SAFmiddle2textType,,,,,"General Ledger Account code for this TaxanomyReference/TaxonomyCode. Can be including sub-account id. It can contain many different levels to identify the Account. It could include cost centres such as company, division, region, group and branch/department.",AuditFile/MasterFiles/Taxonomies/Taxonomy/TaxonomyElement/AccountID,AuditFile/MasterFiles/GeneralLedgerAccounts/Account/AccountID,,,,,,
ASBIE,2,Customers,Customers,MasterFiles,,,,,zero,,,AuditFile/MasterFiles/Customers,,,,,,,
ASBIE,3,Customer,Customer,Customers,,,,,,unbounded,,AuditFile/MasterFiles/Customers/Customer,,##other,0,Represents space to allow individual Revenue Bodies to add further elements,##other,0,Represents space to allow individual Revenue Bodies to add further elements
ASBIE,4,CompanyStructure,,Customer,CompanyStructure,,,,,,,AuditFile/MasterFiles/Customers/Customer/CompanyStructure,,,,,,,
IDBIE,4,CustomerID,CustomerID,Customer,,SAFmiddle1textType,,,zero,,Unique code for the customer,AuditFile/MasterFiles/Customers/Customer/CustomerID,,,,,,,
BBIE,4,SelfBillingIndicator,SelfBillingIndicator,Customer,,SAFcodeType,,,zero,,Indicator showing if a self-billing agreement exists between the customer and the supplier,AuditFile/MasterFiles/Customers/Customer/SelfBillingIndicator,,,,,,,
RFBIE,4,AccountID,AccountID,Customer,,SAFmiddle2textType,,,zero,,"General Ledger Account code for this customer. Can be including sub-account id. It can contain many different levels to identify the Account. It could include cost centres such as company, division, region, group and branch/department.",AuditFile/MasterFiles/Customers/Customer/AccountID,AuditFile/MasterFiles/GeneralLedgerAccounts/Account/AccountID,,,,,,
ASBIE,5,choice,OpeningDebitBalance/OpeningCreditBalance,OpeningBalance,,,,,,,,AuditFile/MasterFiles/Customers/Customer/OpeningBalance/choice,,,,,,,
BBIE,5,OpeningDebitBalance,OpeningDebitBalance,OpeningBalance,,SAFmonetaryType,,,,,Debit balance at the start date of the selection period in the header's default currency.,AuditFile/MasterFiles/Customers/Customer/OpeningBalance/OpeningDebitBalance,,,,,,,
BBIE,5,OpeningCreditBalance,OpeningCreditBalance,OpeningBalance,,SAFmonetaryType,,,,,Credit balance at the start date of the selection period in the header's default currency.,AuditFile/MasterFiles/Customers/Customer/OpeningBalance/OpeningCreditBalance,,,,,,,
ASBIE,5,choice,ClosingDebitBalance/ClosingCreditBalance,ClosingBalance,,,,,,,,AuditFile/MasterFiles/Customers/Customer/ClosingBalance/choice,,,,,,,
BBIE,5,ClosingDebitBalance,ClosingDebitBalance,ClosingBalance,,SAFmonetaryType,,,,,Debit balance at the end date of the selection period in the header's default currency.,AuditFile/MasterFiles/Customers/Customer/ClosingBalance/ClosingDebitBalance,,,,,,,
BBIE,5,ClosingCreditBalance,ClosingCreditBalance,ClosingBalance,,SAFmonetaryType,,,,,Credit balance at the end date of the selection period in the header's default currency.,AuditFile/MasterFiles/Customers/Customer/ClosingBalance/ClosingCreditBalance,,,,,,,
ASBIE,2,Suppliers,Suppliers,MasterFiles,,,,,zero,,,AuditFile/MasterFiles/Suppliers,,,,,,,
ASBIE,3,Supplier,Supplier,Suppliers,,,,,zero,unbounded,,AuditFile/MasterFiles/Suppliers/Supplier,,##other,,Represents space to allow individual Revenue Bodies to add further elements,##other,,Represents space to allow individual Revenue Bodies to add further elements
ASBIE,4,CompanyStructure,,Supplier,CompanyStructure,,,,,,,AuditFile/MasterFiles/Suppliers/Supplier/CompanyStructure,,,,,,,
IDBIE,4,SupplierID,SupplierID,Supplier,,SAFmiddle1textType,,,zero,,Unique code for the supplier,AuditFile/MasterFiles/Suppliers/Supplier/SupplierID,,,,,,,
BBIE,4,SelfBillingIndicator,SelfBillingIndicator,Supplier,,SAFcodeType,,,zero,,Indicator showing if a self-billing agreement exists between the customer and the supplier,AuditFile/MasterFiles/Suppliers/Supplier/SelfBillingIndicator,,,,,,,
RFBIE,4,AccountID,AccountID,Supplier,,SAFmiddle2textType,,,zero,,"General Ledger Account code for this supplier. Can be including sub-account id. It can contain many different levels to identify the Account. It could include cost centres such as company, division, region, group and branch/department.",AuditFile/MasterFiles/Suppliers/Supplier/AccountID,AuditFile/MasterFiles/GeneralLedgerAccounts/Account/AccountID,,,,,,
ASBIE,5,choice,OpeningDebitBalance/OpeningCreditBalance,OpeningBalance,,,,,,,,AuditFile/MasterFiles/Suppliers/Supplier/OpeningBalance/choice,,,,,,,
BBIE,5,OpeningDebitBalance,OpeningDebitBalance,OpeningBalance,,SAFmonetaryType,,,,,Debit balance at the start date of the selection period in the header's default currency.,AuditFile/MasterFiles/Suppliers/Supplier/OpeningBalance/OpeningDebitBalance,,,,,,,
BBIE,5,OpeningCreditBalance,OpeningCreditBalance,OpeningBalance,,SAFmonetaryType,,,,,Credit balance at the start date of the selection period in the header's default currency.,AuditFile/MasterFiles/Suppliers/Supplier/OpeningBalance/OpeningCreditBalance,,,,,,,
ASBIE,5,choice,ClosingDebitBalance/ClosingCreditBalance,ClosingBalance,,,,,,,,AuditFile/MasterFiles/Suppliers/Supplier/ClosingBalance/choice,,,,,,,
BBIE,5,ClosingDebitBalance,ClosingDebitBalance,ClosingBalance,,SAFmonetaryType,,,,,Debit balance at the end date of the selection period in the header's default currency.,AuditFile/MasterFiles/Suppliers/Supplier/ClosingBalance/ClosingDebitBalance,,,,,,,
BBIE,5,ClosingCreditBalance,ClosingCreditBalance,ClosingBalance,,SAFmonetaryType,,,,,Credit balance at the end date of the selection period in the header's default currency.,AuditFile/MasterFiles/Suppliers/Supplier/ClosingBalance/ClosingCreditBalance,,,,,,,
ASBIE,2,TaxTable,TaxTable,MasterFiles,,,,,zero,,,AuditFile/MasterFiles/TaxTable,,,,,,,
ASBIE,3,TaxTableEntry,TaxTableEntry,TaxTable,,,,,,unbounded,,AuditFile/MasterFiles/TaxTable/TaxTableEntry,,,,,,,
IDBIE,4,TaxType,TaxType,TaxTableEntry,,SAFcodeType,,,,,Tax type for look-up in tables,AuditFile/MasterFiles/TaxTable/TaxTableEntry/TaxType,,,,,,,
BBIE,4,Description,Description,TaxTableEntry,,SAFlongtextType,,,,,Description of the Tax Type,AuditFile/MasterFiles/TaxTable/TaxTableEntry/Description,,,,,,,
ASBIE,4,TaxCodeDetails,TaxCodeDetails,TaxTableEntry,,,,,,unbounded,,AuditFile/MasterFiles/TaxTable/TaxTableEntry/TaxCodeDetails,,,,,,,
IDBIE,5,TaxCode,TaxCode,TaxCodeDetails,,SAFcodeType,,,,,Tax Code for lookup in tables,AuditFile/MasterFiles/TaxTable/TaxTableEntry/TaxCodeDetails/TaxCode,,,,,,,
BBIE,5,EffectiveDate,EffectiveDate,TaxCodeDetails,,date,,,zero,,Representing the starting date for this entry,AuditFile/MasterFiles/TaxTable/TaxTableEntry/TaxCodeDetails/EffectiveDate,,,,,,,
BBIE,5,ExpirationDate,ExpirationDate,TaxCodeDetails,,date,,,zero,,Representing the ending date for this entry,AuditFile/MasterFiles/TaxTable/TaxTableEntry/TaxCodeDetails/ExpirationDate,,,,,,,
BBIE,5,Description,Description,TaxCodeDetails,,SAFlongtextType,,,zero,,Description of the Tax Code,AuditFile/MasterFiles/TaxTable/TaxTableEntry/TaxCodeDetails/Description,,,,,,,
ASBIE,5,choice,TaxPercentage/FlatTaxRate,TaxCodeDetails,,,,,,,,AuditFile/MasterFiles/TaxTable/TaxTableEntry/TaxCodeDetails/choice,,,,,,,
BBIE,5,TaxPercentage,TaxPercentage,TaxCodeDetails,,decimal,,,,,Tax percentage.,AuditFile/MasterFiles/TaxTable/TaxTableEntry/TaxCodeDetails/TaxPercentage,,,,,,,
ASBIE,5,FlatTaxRate,FlatTaxRate,TaxCodeDetails,,AmountStructure,,,,,FlatTaxRate,AuditFile/MasterFiles/TaxTable/TaxTableEntry/TaxCodeDetails/FlatTaxRate,,,,,,,
BBIE,5,Country,Region,TaxCodeDetails,,SAFcodeType,,,zero,,Country specific code to indicate regions / provinces within the tax authority. Preferably described according to ISO 3166-2. Example: GB-KEN for Kent county in the United Kingdom.,AuditFile/MasterFiles/TaxTable/TaxTableEntry/TaxCodeDetails/Country,,,,,,,
ASBIE,2,UOMTable,UOMTable,MasterFiles,,,,,zero,,Table with descriptions of all different kinds of UOM's,AuditFile/MasterFiles/UOMTable,,,,,,,
ASBIE,3,UOMTableEntry,UOMTableEntry,UOMTable,,,,,,unbounded,,AuditFile/MasterFiles/UOMTable/UOMTableEntry,,,,,,,
IDBIE,4,UnitOfMeasure,UnitOfMeasure,UOMTableEntry,,SAFcodeType,,,,,Quantity unit of measure e.g. pack of 12,AuditFile/MasterFiles/UOMTable/UOMTableEntry/UnitOfMeasure,,,,,,,
BBIE,4,Description,Description,UOMTableEntry,,SAFlongtextType,,,,,Description of the UOM,AuditFile/MasterFiles/UOMTable/UOMTableEntry/Description,,,,,,,
ASBIE,2,AnalysisTypeTable,AnalysisTypeTable,MasterFiles,,,,,zero,,"Table with the analysiscode identifiers.\nsed for further specification of transaction data.\nxample: cost unit, cost center, project.",AuditFile/MasterFiles/AnalysisTypeTable,,,,,,,
ASBIE,3,AnalysisTypeTableEntry,AnalysisTypeTableEntry,AnalysisTypeTable,,,,,,unbounded,,AuditFile/MasterFiles/AnalysisTypeTable/AnalysisTypeTableEntry,,,,,,,
IDBIE,4,AnalysisType,AnalysisType,AnalysisTypeTableEntry,,SAFcodeType,,,,,"Analysis type identifier: e.g. CC (for Cost Center), DEP (for department), etc.",AuditFile/MasterFiles/AnalysisTypeTable/AnalysisTypeTableEntry/AnalysisType,,,,,,,
BBIE,4,AnalysisTypeDescription,AnalysisTypeDescription,AnalysisTypeTableEntry,,SAFlongtextType,,,,,"Description of the AnalysisType, e.g. ""Cost Center""",AuditFile/MasterFiles/AnalysisTypeTable/AnalysisTypeTableEntry/AnalysisTypeDescription,,,,,,,
IDBIE,4,AnalysisID,AnalysisID,AnalysisTypeTableEntry,,SAFmiddle1textType,,,,,"Analysis ID: e.g. 1200-HDOF-TR (for cost center treasury in the headoffice), P-4800-123 (for project 123 in branch 4800)",AuditFile/MasterFiles/AnalysisTypeTable/AnalysisTypeTableEntry/AnalysisID,,,,,,,
BBIE,4,AnalysisIDDescription,AnalysisIDDescription,AnalysisTypeTableEntry,,SAFlongtextType,,,,,"Description of the AnalysisID: e.g. ""Headoffice-Treasury"".",AuditFile/MasterFiles/AnalysisTypeTable/AnalysisTypeTableEntry/AnalysisIDDescription,,,,,,,
ASBIE,2,MovementTypeTable,MovementTypeTable,MasterFiles,,,,,zero,,Table with descriptions of all different kinds of movementtypes and movementsubtypes,AuditFile/MasterFiles/MovementTypeTable,,,,,,,
ASBIE,3,MovementTypeTableEntry,MovementTypeTableEntry,MovementTypeTable,,,,,,unbounded,,AuditFile/MasterFiles/MovementTypeTable/MovementTypeTableEntry,,,,,,,
IDBIE,4,MovementType,MovementType,MovementTypeTableEntry,,SAFcodeType,,,,,"Identify kind of movement or movement line. E.g. sale, purchase, adjustment, etc.  Or  efficiencyloss, use of components in production, etc. Predescribed TABLE is possible.",AuditFile/MasterFiles/MovementTypeTable/MovementTypeTableEntry/MovementType,,,,,,,
BBIE,4,Description,Description,MovementTypeTableEntry,,SAFlongtextType,,,,,Description of the movement(sub)type,AuditFile/MasterFiles/MovementTypeTable/MovementTypeTableEntry/Description,,,,,,,
ASBIE,2,Products,Products,MasterFiles,,,,,zero,,,AuditFile/MasterFiles/Products,,,,,,,
ASBIE,3,Product,Product,Products,,,,,,unbounded,,AuditFile/MasterFiles/Products/Product,,##other,0,Represents space to allow individual Revenue Bodies to add further elements,##other,0,Represents space to allow individual Revenue Bodies to add further elements
IDBIE,4,ProductCode,ProductCode,Product,,SAFmiddle2textType,,,,,Product code,AuditFile/MasterFiles/Products/Product/ProductCode,,,,,,,
BBIE,4,GoodsServicesID,GoodsServicesID,Product,,SAFcodeType,,,zero,,Indicator showing if goods or services (Predescribed TABLE is possible),AuditFile/MasterFiles/Products/Product/GoodsServicesID,,,,,,,
BBIE,4,ProductGroup,ProductGroup,Product,,SAFmiddle2textType,,,zero,,Code identifying aggregated level at which similar products are grouped,AuditFile/MasterFiles/Products/Product/ProductGroup,,,,,,,
BBIE,4,Description,Description,Product,,SAFlongtextType,,,,,Description of goods or services.,AuditFile/MasterFiles/Products/Product/Description,,,,,,,
BBIE,4,ProductCommodityCode,ProductCommodityCode,Product,,SAFmiddle1textType,,,zero,,Classification for import / export,AuditFile/MasterFiles/Products/Product/ProductCommodityCode,,,,,,,
BBIE,4,ProductNumberCode,ProductNumberCode,Product,,SAFmiddle2textType,,,zero,,EAN or other code,AuditFile/MasterFiles/Products/Product/ProductNumberCode,,,,,,,
BBIE,4,ValuationMethod,ValuationMethod,Product,,SAFcodeType,,,zero,,"FIFO, LIFO, Average cost etc.",AuditFile/MasterFiles/Products/Product/ValuationMethod,,,,,,,
RFBIE,4,UOMBase,UOMBase,Product,,SAFcodeType,,,,,Unit of measure for Stock Administration for this product Predescribed TABLE is possible.,AuditFile/MasterFiles/Products/Product/UOMBase,AuditFile/MasterFiles/UOMTable/UOMTableEntry/UnitOfMeasure,,,,,,
ASBIE,4,sequence,,Product,,,,,zero,,Not needed when not applicable,AuditFile/MasterFiles/Products/Product/sequence,,,,,,,
BBIE,5,UOMStandard,UOMStandard,sequence,,SAFcodeType,,,,,"A Standard Unit of Measure applicable for this product, f.i. Kilo, Metres, Litres (Predescribed TABLE is possible)",AuditFile/MasterFiles/Products/Product/sequence/UOMStandard,,,,,,,
BBIE,5,UOMToUOMBaseConversionFactor,UOMToUOMBaseConversionFactor,sequence,,decimal,,,,,Conversion factor of the UOM to UOM Base,AuditFile/MasterFiles/Products/Product/sequence/UOMToUOMBaseConversionFactor,,,,,,,
ASBIE,4,Tax,Tax,Product,,,,,zero,unbounded,,AuditFile/MasterFiles/Products/Product/Tax,,,,,,,
ASBIE,5,sequence,,Tax,,,,,zero,,,AuditFile/MasterFiles/Products/Product/Tax/sequence,,,,,,,
BBIE,6,TaxType,TaxType,sequence,,SAFcodeType,,,,,Tax Type for lookup in tables,AuditFile/MasterFiles/Products/Product/Tax/sequence/TaxType,,,,,,,
BBIE,6,TaxCode,TaxCode,sequence,,SAFcodeType,,,,,Tax Code for lookup in tables,AuditFile/MasterFiles/Products/Product/Tax/sequence/TaxCode,,,,,,,
ASBIE,2,PhysicalStock,PhysicalStock,MasterFiles,,,,,zero,,,AuditFile/MasterFiles/PhysicalStock,,,,,,,
ASBIE,3,PhysicalStockEntry,PhysicalStockEntry,PhysicalStock,,,,,,unbounded,,AuditFile/MasterFiles/PhysicalStock/PhysicalStockEntry,,##other,0,Represents space to allow individual Revenue Bodies to add further elements,##other,0,Represents space to allow individual Revenue Bodies to add further elements
BBIE,4,WarehouseID,WarehouseID,PhysicalStockEntry,,SAFmiddle1textType,,,zero,,"Warehouse where goods held - possoble also to identify work-in-progress, or stock-in-transit",AuditFile/MasterFiles/PhysicalStock/PhysicalStockEntry/WarehouseID,,,,,,,
BBIE,4,LocationID,LocationID,PhysicalStockEntry,,SAFshorttextType,,,zero,,Location of goods in warehouse,AuditFile/MasterFiles/PhysicalStock/PhysicalStockEntry/LocationID,,,,,,,
RFBIE,4,ProductCode,ProductCode,PhysicalStockEntry,,SAFmiddle2textType,,,,,Product code,AuditFile/MasterFiles/PhysicalStock/PhysicalStockEntry/ProductCode,AuditFile/MasterFiles/Products/Product/ProductCode,,,,,,
IDBIE,4,StockAccountNo,StockAccountNo,PhysicalStockEntry,,SAFmiddle2textType,,,zero,,"Stock batch, lot, serial identification. Not used when there is exactly 1 PhysicalStock entry per ProductCode",AuditFile/MasterFiles/PhysicalStock/PhysicalStockEntry/StockAccountNo,,,,,,,
BBIE,4,ProductType,ProductType,PhysicalStockEntry,,SAFshorttextType,,,zero,,"To determine whether the product/stockaccount is raw material, work-in-progress, finished good, merchandise for resale, etc.",AuditFile/MasterFiles/PhysicalStock/PhysicalStockEntry/ProductType,,,,,,,
BBIE,4,ProductStatus,ProductStatus,PhysicalStockEntry,,SAFshorttextType,,,zero,,"To determine whether the product/stockaccount is discontinued, damaged, obsolete, active, etc.",AuditFile/MasterFiles/PhysicalStock/PhysicalStockEntry/ProductStatus,,,,,,,
BBIE,4,StockAccountCommodityCode,StockAccountCommodityCode,PhysicalStockEntry,,SAFmiddle1textType,,,zero,,Classification for import / export,AuditFile/MasterFiles/PhysicalStock/PhysicalStockEntry/StockAccountCommodityCode,,,,,,,
RFBIE,4,OwnerID,OwnerID,PhysicalStockEntry,,SAFmiddle1textType,,,zero,,Reference to the owner Master File,AuditFile/MasterFiles/PhysicalStock/PhysicalStockEntry/OwnerID,AuditFile/MasterFiles/Owners/Owner/OwnerID,,,,,,
ASBIE,4,sequence,,PhysicalStockEntry,,,,,zero,,Not needed when UOMPhysicalStock equals UOMBase,AuditFile/MasterFiles/PhysicalStock/PhysicalStockEntry/sequence,,,,,,,
BBIE,5,UOMPhysicalStock,UOMPhysicalStock,sequence,,SAFcodeType,,,,,Unit of Measurement for this Physical Stock position,AuditFile/MasterFiles/PhysicalStock/PhysicalStockEntry/sequence/UOMPhysicalStock,,,,,,,
BBIE,5,UOMToUOMBaseConversionFactor,UOMToUOMBaseConversionFactor,sequence,,decimal,,,,,Conversion factor of the UOM to UOM Base,AuditFile/MasterFiles/PhysicalStock/PhysicalStockEntry/sequence/UOMToUOMBaseConversionFactor,,,,,,,
BBIE,4,UnitPrice,UnitPrice,PhysicalStockEntry,,SAFmonetaryType,,,zero,,Base Unit price for this stock account  in the header's default currency.,AuditFile/MasterFiles/PhysicalStock/PhysicalStockEntry/UnitPrice,,,,,,,
BBIE,4,OpeningStockQuantity,OpeningStockQuantity,PhysicalStockEntry,,SAFquantityType,,,,,In UOM Physical Stock for selection period,AuditFile/MasterFiles/PhysicalStock/PhysicalStockEntry/OpeningStockQuantity,,,,,,,
BBIE,4,OpeningStockValue,OpeningStockValue,PhysicalStockEntry,,SAFmonetaryType,,,zero,,In  the header's currency code for selection period,AuditFile/MasterFiles/PhysicalStock/PhysicalStockEntry/OpeningStockValue,,,,,,,
BBIE,4,ClosingStockQuantity,ClosingStockQuantity,PhysicalStockEntry,,SAFquantityType,,,,,In UOM Physical Stock for selection period,AuditFile/MasterFiles/PhysicalStock/PhysicalStockEntry/ClosingStockQuantity,,,,,,,
BBIE,4,ClosingStockValue,ClosingStockValue,PhysicalStockEntry,,SAFmonetaryType,,,zero,,Closing stock value  in the header's default currency for selection period,AuditFile/MasterFiles/PhysicalStock/PhysicalStockEntry/ClosingStockValue,,,,,,,
ASBIE,4,StockCharacteristics,StockCharacteristics,PhysicalStockEntry,,,,,zero,,,AuditFile/MasterFiles/PhysicalStock/PhysicalStockEntry/StockCharacteristics,,,,,,,
ASBIE,5,sequence,,StockCharacteristics,,,,,,unbounded,,AuditFile/MasterFiles/PhysicalStock/PhysicalStockEntry/StockCharacteristics/sequence,,,,,,,
BBIE,6,StockCharacteristic,StockCharacteristic,sequence,,SAFshorttextType,,,,,User definable characteristics of the goods. Predescribed TABLE is possible.,AuditFile/MasterFiles/PhysicalStock/PhysicalStockEntry/StockCharacteristics/sequence/StockCharacteristic,,,,,,,
BBIE,6,StockCharacteristicValue,StockCharacteristicValue,sequence,,SAFmiddle1textType,,,,,"The weight, pack size, colour etc.",AuditFile/MasterFiles/PhysicalStock/PhysicalStockEntry/StockCharacteristics/sequence/StockCharacteristicValue,,,,,,,
ASBIE,2,Owners,Owners,MasterFiles,,,,,zero,,,AuditFile/MasterFiles/Owners,,,,,,,
ASBIE,3,Owner,Owner,Owners,,,,,,unbounded,,AuditFile/MasterFiles/Owners/Owner,,,,,,,
ASBIE,4,extension,,Owner,CompanyStructure,,,,,,,AuditFile/MasterFiles/Owners/Owner/extension,,##other,0,Represents space to allow individual Revenue Bodies to add further elements,##other,0,Represents space to allow individual Revenue Bodies to add further elements
BBIE,5,OwnerID,OwnerID,extension,,SAFmiddle1textType,,,zero,,Reference to the owner Master File,AuditFile/MasterFiles/Owners/Owner/extension/OwnerID,,,,,,,
BBIE,5,AccountID,AccountID,extension,,SAFmiddle2textType,,,zero,,"General Ledger Account code for this owner. Can be including sub-account id. It can contain many different levels to identify the Account. It could include cost centres such as company, division, region, group and branch/department.",AuditFile/MasterFiles/Owners/Owner/extension/AccountID,,,,,,,
ASBIE,2,Assets,Assets,MasterFiles,,,,,zero,,,AuditFile/MasterFiles/Assets,,,,,,,
ASBIE,3,Asset,Asset,Assets,,,,,,unbounded,,AuditFile/MasterFiles/Assets/Asset,,##other,0,Represents space to allow individual Revenue Bodies to add further elements,##other,0,Represents space to allow individual Revenue Bodies to add further elements
IDBIE,4,AssetID,AssetID,Asset,,SAFmiddle1textType,,,,,Unique identifier of the asset,AuditFile/MasterFiles/Assets/Asset/AssetID,,,,,,,
RFBIE,4,AccountID,AccountID,Asset,,SAFmiddle2textType,,,,,"General Ledger Account code. Can be including sub-account id. It can contain many different levels to identify the Account. It could include cost centres such as company, division, region, group and branch/department.",AuditFile/MasterFiles/Assets/Asset/AccountID,AuditFile/MasterFiles/GeneralLedgerAccounts/Account/AccountID,,,,,,
BBIE,4,Description,Description,Asset,,SAFlongtextType,,,,,Description of this asset,AuditFile/MasterFiles/Assets/Asset/Description,,,,,,,
ASBIE,4,Supplier,Supplier,Asset,,,,,zero,unbounded,"Contains the information of all suppliers, including the historical suppliers.",AuditFile/MasterFiles/Assets/Asset/Supplier,,,,,,,
BBIE,5,SupplierName,SupplierName,Supplier,,SAFmiddle2textType,,,,,Name of the supplier of the asset,AuditFile/MasterFiles/Assets/Asset/Supplier/SupplierName,,,,,,,
RFBIE,5,SupplierID,SupplierID,Supplier,,SAFmiddle1textType,,,zero,,Unique code for the supplier,AuditFile/MasterFiles/Assets/Asset/Supplier/SupplierID,AuditFile/MasterFiles/Suppliers/Supplier/SupplierID,,,,,,
ASBIE,5,PostalAddress,PostalAddress,Supplier,,AddressStructure,,,,,Address information of the supplier of the asset,AuditFile/MasterFiles/Assets/Asset/Supplier/PostalAddress,,,,,,,
BBIE,4,PurchaseOrderDate,PurchaseOrderDate,Asset,,date,,,zero,,Date of the purchase order of this asset,AuditFile/MasterFiles/Assets/Asset/PurchaseOrderDate,,,,,,,
BBIE,4,DateOfAcquisition,DateOfAcquisition,Asset,,date,,,,,Date of the acquisition of the asset (usually the date of delivery).,AuditFile/MasterFiles/Assets/Asset/DateOfAcquisition,,,,,,,
BBIE,4,StartUpDate,StartUpDate,Asset,,date,,,zero,,Commissioning date of the asset.,AuditFile/MasterFiles/Assets/Asset/StartUpDate,,,,,,,
ASBIE,4,Valuations,Valuations,Asset,,,,,,,The data can be reported for different purposes. More than one can be in this SAF.,AuditFile/MasterFiles/Assets/Asset/Valuations,,,,,,,
ASBIE,5,Valuation,Valuation,Valuations,,,,,,unbounded,,AuditFile/MasterFiles/Assets/Asset/Valuations/Valuation,,,,,,,
BBIE,6,AssetValuationType,AssetValuationType,Valuation,,SAFshorttextType,,,zero,,"Describes the purpose for the reporting: f.i. commercial, tax  in country 1, tax in country 2, etc.",AuditFile/MasterFiles/Assets/Asset/Valuations/Valuation/AssetValuationType,,,,,,,
BBIE,6,ValuationClass,ValuationClass,Valuation,,SAFshorttextType,,,zero,,This describes the classification of the asset for (tax) reporting purposes.,AuditFile/MasterFiles/Assets/Asset/Valuations/Valuation/ValuationClass,,,,,,,
BBIE,6,AcquisitionAndProductionCostsBegin,AcquisitionAndProductionCostsBegin,Valuation,,SAFmonetaryType,,,,,Total costs of acquisition and/or production of the asset at SelectionStartDate in the header's default currency.,AuditFile/MasterFiles/Assets/Asset/Valuations/Valuation/AcquisitionAndProductionCostsBegin,,,,,,,
BBIE,6,AcquisitionAndProductionCostsEnd,AcquisitionAndProductionCostsEnd,Valuation,,SAFmonetaryType,,,,,Total costs of acquisition and/or production of the asset at SelectionEndDate in the header's default currency.,AuditFile/MasterFiles/Assets/Asset/Valuations/Valuation/AcquisitionAndProductionCostsEnd,,,,,,,
BBIE,6,InvestmentSupport,InvestmentSupport,Valuation,,SAFmonetaryType,,,zero,,Total amount of investment support for this asset in the header's default currency.,AuditFile/MasterFiles/Assets/Asset/Valuations/Valuation/InvestmentSupport,,,,,,,
ASBIE,6,choice,AssetLifeYear/AssetLifeMonth,Valuation,,,,,,,,AuditFile/MasterFiles/Assets/Asset/Valuations/Valuation/choice,,,,,,,
BBIE,6,AssetLifeYear,AssetLifeYear,Valuation,,decimal,,,,,Periode of useful life in years,AuditFile/MasterFiles/Assets/Asset/Valuations/Valuation/AssetLifeYear,,,,,,,
BBIE,6,AssetLifeMonth,AssetLifeMonth,Valuation,,decimal,,,,,Period of useful life in months,AuditFile/MasterFiles/Assets/Asset/Valuations/Valuation/AssetLifeMonth,,,,,,,
BBIE,6,AssetAddition,AssetAddition,Valuation,,SAFmonetaryType,,,zero,,Bookvalue of the acquisition and/or production of the asset in the  Selectionperiod in the header's default currency.,AuditFile/MasterFiles/Assets/Asset/Valuations/Valuation/AssetAddition,,,,,,,
BBIE,6,Transfers,Transfers,Valuation,,SAFmonetaryType,,,zero,,Book value of the transfers of the asset during the Selectionperiod in the header's default currency.,AuditFile/MasterFiles/Assets/Asset/Valuations/Valuation/Transfers,,,,,,,
BBIE,6,AssetDisposal,AssetDisposal,Valuation,,SAFmonetaryType,,,zero,,Book value of the disposals of the asset during the Selectionperiod in the header's default currency.,AuditFile/MasterFiles/Assets/Asset/Valuations/Valuation/AssetDisposal,,,,,,,
BBIE,6,BookValueBegin,BookValueBegin,Valuation,,SAFmonetaryType,,,zero,,Bookvalue at the beginning of the Selectionperiod in the header's default currency.,AuditFile/MasterFiles/Assets/Asset/Valuations/Valuation/BookValueBegin,,,,,,,
BBIE,6,DepreciationMethod,DepreciationMethod,Valuation,,SAFmiddle1textType,,,zero,,Method of normal depreciation during the Selectionperiod.,AuditFile/MasterFiles/Assets/Asset/Valuations/Valuation/DepreciationMethod,,,,,,,
BBIE,6,DepreciationPercentage,DepreciationPercentage,Valuation,,decimal,,,zero,,The rate of the normal depreciation per year or month (depends on choice useful life periode),AuditFile/MasterFiles/Assets/Asset/Valuations/Valuation/DepreciationPercentage,,,,,,,
BBIE,6,DepreciationForPeriod,DepreciationForPeriod,Valuation,,SAFmonetaryType,,,,,Total amouunt of normal depreciation during the Selectionperiod in the header's default currency.,AuditFile/MasterFiles/Assets/Asset/Valuations/Valuation/DepreciationForPeriod,,,,,,,
BBIE,6,AppreciationForPeriod,AppreciationForPeriod,Valuation,,SAFmonetaryType,,,zero,,Total amouunt of appreciation during the Selectionperiod in the header's default currency.,AuditFile/MasterFiles/Assets/Asset/Valuations/Valuation/AppreciationForPeriod,,,,,,,
ASBIE,6,ExtraordinaryDepreciationsForPeriod,ExtraordinaryDepreciationsForPeriod,Valuation,,,,,zero,,Extraordinary depreciations for this asset during the Selectionperiod.,AuditFile/MasterFiles/Assets/Asset/Valuations/Valuation/ExtraordinaryDepreciationsForPeriod,,,,,,,
ASBIE,7,ExtraordinaryDepreciationForPeriod,ExtraordinaryDepreciationForPeriod,ExtraordinaryDepreciationsForPeriod,,,,,,unbounded,,AuditFile/MasterFiles/Assets/Asset/Valuations/Valuation/ExtraordinaryDepreciationsForPeriod/ExtraordinaryDepreciationForPeriod,,,,,,,
BBIE,8,ExtraordinaryDepreciationMethod,ExtraordinaryDepreciationMethod,ExtraordinaryDepreciationForPeriod,,SAFmiddle1textType,,,,,Method of extraordinary depreciation during the Selectionperiod.,AuditFile/MasterFiles/Assets/Asset/Valuations/Valuation/ExtraordinaryDepreciationsForPeriod/ExtraordinaryDepreciationForPeriod/ExtraordinaryDepreciationMethod,,,,,,,
BBIE,8,ExtraordinaryDepreciationForPeriod,ExtraordinaryDepreciationForPeriod,ExtraordinaryDepreciationForPeriod,,SAFmonetaryType,,,,,Amouunt of extraordinary depreciation during the Selectionperiod in the header's default currency.,AuditFile/MasterFiles/Assets/Asset/Valuations/Valuation/ExtraordinaryDepreciationsForPeriod/ExtraordinaryDepreciationForPeriod/ExtraordinaryDepreciationForPeriod,,,,,,,
BBIE,6,AccumulatedDepreciation,BookValueEnd,Valuation,,SAFmonetaryType,,,zero,,Bookvalue at the end of the Selectionperiod in the header's default currency.,AuditFile/MasterFiles/Assets/Asset/Valuations/Valuation/AccumulatedDepreciation,,,,,,,
ASBIE,1,GeneralLedgerEntries,GeneralLedgerEntries,AuditFile,,,,,zero,,,AuditFile/GeneralLedgerEntries,,,,,,,
ASBIE,2,NumberOfEntries,NumberOfEntries,GeneralLedgerEntries,,nonNegativeInteger,,,,,Number of entries,AuditFile/GeneralLedgerEntries/NumberOfEntries,,,,,,,
BBIE,2,TotalDebit,TotalDebit,GeneralLedgerEntries,,SAFmonetaryType,,,,,The total of all debit amounts in the header's default currency.,AuditFile/GeneralLedgerEntries/TotalDebit,,,,,,,
BBIE,2,TotalCredit,TotalCredit,GeneralLedgerEntries,,SAFmonetaryType,,,,,The total of all credit amounts in the header's default currency.,AuditFile/GeneralLedgerEntries/TotalCredit,,,,,,,
ASBIE,2,Journal,Journal,GeneralLedgerEntries,,,,,zero,unbounded,,AuditFile/GeneralLedgerEntries/Journal,,,,,,,
BBIE,3,JournalID,JournalID,Journal,,SAFshorttextType,,,,,"Source GL journal identifier, or invoices and payments in single ledger systems",AuditFile/GeneralLedgerEntries/Journal/JournalID,,,,,,,
BBIE,3,Description,Description,Journal,,SAFlongtextType,,,,,Description of the Journal,AuditFile/GeneralLedgerEntries/Journal/Description,,,,,,,
BBIE,3,Type,Type,Journal,,SAFcodeType,,,,,Grouping mechanism for journals,AuditFile/GeneralLedgerEntries/Journal/Type,,,,,,,
ASBIE,3,Transaction,Transaction,Journal,,,,,zero,unbounded,,AuditFile/GeneralLedgerEntries/Journal/Transaction,,,,,,,
IDBIE,4,TransactionID,TransactionID,Transaction,,SAFmiddle2textType,,,,,"Cross-reference to GL posting. It can contain many different levels to identify the transaction. It could include cost centres such as company, division, region, group and branch/department.",AuditFile/GeneralLedgerEntries/Journal/Transaction/TransactionID,,,,,,,
ASBIE,4,Period,Period,Transaction,,nonNegativeInteger,,,,,Accounting Period,AuditFile/GeneralLedgerEntries/Journal/Transaction/Period,,,,,,,
ASBIE,4,PeriodYear,PeriodYear,Transaction,nonNegativeInteger,,,,,,The year of the Accounting Period.,AuditFile/GeneralLedgerEntries/Journal/Transaction/PeriodYear,,,,,,,
BBIE,4,TransactionDate,TransactionDate,Transaction,,date,,,,,Document date,AuditFile/GeneralLedgerEntries/Journal/Transaction/TransactionDate,,,,,,,
BBIE,4,SourceID,SourceID,Transaction,,SAFmiddle1textType,,,zero,,Details of person or application that entered the transaction,AuditFile/GeneralLedgerEntries/Journal/Transaction/SourceID,,,,,,,
BBIE,4,TransactionType,TransactionType,Transaction,,SAFshorttextType,,,zero,,"Type of journaltransaction: normal, (automated) periodically, etc.",AuditFile/GeneralLedgerEntries/Journal/Transaction/TransactionType,,,,,,,
BBIE,4,Description,Description,Transaction,,SAFlongtextType,,,,,Description of Journal Transaction,AuditFile/GeneralLedgerEntries/Journal/Transaction/Description,,,,,,,
BBIE,4,BatchID,BatchID,Transaction,,SAFmiddle1textType,,,zero,,Systems generated ID for batch,AuditFile/GeneralLedgerEntries/Journal/Transaction/BatchID,,,,,,,
BBIE,4,SystemEntryDate,SystemEntryDate,Transaction,,date,,,,,Date captured  by system,AuditFile/GeneralLedgerEntries/Journal/Transaction/SystemEntryDate,,,,,,,
BBIE,4,GLPostingDate,GLPostingDate,Transaction,,date,,,,,Date posting to GL,AuditFile/GeneralLedgerEntries/Journal/Transaction/GLPostingDate,,,,,,,
RFBIE,4,CustomerID,CustomerID,Transaction,,SAFmiddle1textType,,,zero,,Unique code for the customer,AuditFile/GeneralLedgerEntries/Journal/Transaction/CustomerID,AuditFile/MasterFiles/Customers/Customer/CustomerID,,,,,,
RFBIE,4,SupplierID,SupplierID,Transaction,,SAFmiddle1textType,,,zero,,Unique code for the supplier,AuditFile/GeneralLedgerEntries/Journal/Transaction/SupplierID,AuditFile/MasterFiles/Suppliers/Supplier/SupplierID,,,,,,
BBIE,4,SystemID,SystemID,Transaction,,SAFshorttextType,,,zero,,Unique number created by the system for the document,AuditFile/GeneralLedgerEntries/Journal/Transaction/SystemID,,,,,,,
ASBIE,4,Line,Line,Transaction,,,,,,unbounded,,AuditFile/GeneralLedgerEntries/Journal/Transaction/Line,,##other,0,Represents space to allow individual Revenue Bodies to add further elements,##other,0,Represents space to allow individual Revenue Bodies to add further elements
BBIE,5,RecordID,RecordID,Line,,SAFshorttextType,,,,,Identifier to trace entry to journal line or posting reference,AuditFile/GeneralLedgerEntries/Journal/Transaction/Line/RecordID,,,,,,,
RFBIE,5,AccountID,AccountID,Line,,SAFmiddle2textType,,,,,"General Ledger Account code. Can be including sub-account id. It can contain many different levels to identify the Account. It could include cost centres such as company, division, region, group and branch/department.",AuditFile/GeneralLedgerEntries/Journal/Transaction/Line/AccountID,AuditFile/MasterFiles/GeneralLedgerAccounts/Account/AccountID,,,,,,
ASBIE,5,Analysis,Analysis,Line,,AnalysisStructure,,,zero,unbounded,General Ledger analysis codes,AuditFile/GeneralLedgerEntries/Journal/Transaction/Line/Analysis,,,,,,,
BBIE,5,ValueDate,ValueDate,Line,,date,,,zero,,Effective date from which interest charged. To be reported when this date differs from the transactiondate.,AuditFile/GeneralLedgerEntries/Journal/Transaction/Line/ValueDate,,,,,,,
BBIE,5,SourceDocumentID,SourceDocumentID,Line,,SAFmiddle1textType,,,zero,,Source document number to which line relates,AuditFile/GeneralLedgerEntries/Journal/Transaction/Line/SourceDocumentID,,,,,,,
RFBIE,5,CustomerID,CustomerID,Line,,SAFmiddle1textType,,,zero,,Unique code for the customer,AuditFile/GeneralLedgerEntries/Journal/Transaction/Line/CustomerID,AuditFile/MasterFiles/Customers/Customer/CustomerID,,,,,,
RFBIE,5,SupplierID,SupplierID,Line,,SAFmiddle1textType,,,zero,,Unique code for the supplier,AuditFile/GeneralLedgerEntries/Journal/Transaction/Line/SupplierID,AuditFile/MasterFiles/Suppliers/Supplier/SupplierID,,,,,,
BBIE,5,Description,Description,Line,,SAFlongtextType,,,,,Description of the Journal Line.,AuditFile/GeneralLedgerEntries/Journal/Transaction/Line/Description,,,,,,,
ASBIE,5,choice,DebitAmount/CreditAmount,Line,,,,,,,,AuditFile/GeneralLedgerEntries/Journal/Transaction/Line/choice,,,,,,,
ASBIE,5,DebitAmountt,DebitAmount,Line,,AmountStructure,,,,,Debit amount information for transaction,AuditFile/GeneralLedgerEntries/Journal/Transaction/Line/DebitAmountt,,,,,,,
ASBIE,5,CreditAmountt,CreditAmount,Line,,AmountStructure,,,,,Credit amount information for transaction,AuditFile/GeneralLedgerEntries/Journal/Transaction/Line/CreditAmountt,,,,,,,
ASBIE,5,TaxInformation,TaxInformation,Line,,TaxInformationStructure,,,zero,unbounded,,AuditFile/GeneralLedgerEntries/Journal/Transaction/Line/TaxInformation,,,,,,,
ASBIE,1,SourceDocuments,SourceDocuments,AuditFile,,,,,zero,,,AuditFile/SourceDocuments,,,,,,,
ASBIE,2,SalesInvoices,SalesInvoices,SourceDocuments,,,,,zero,,,AuditFile/SourceDocuments/SalesInvoices,,,,,,,
ASBIE,3,NumberOfEntries,NumberOfEntries,SalesInvoices,,nonNegativeInteger,,,,,Number of entries,AuditFile/SourceDocuments/SalesInvoices/NumberOfEntries,,,,,,,
BBIE,3,TotalDebit,TotalDebit,SalesInvoices,,SAFmonetaryType,,,,,The total of all debit amounts in the header's default currency,AuditFile/SourceDocuments/SalesInvoices/TotalDebit,,,,,,,
BBIE,3,TotalCredit,TotalCredit,SalesInvoices,,SAFmonetaryType,,,,,The total of all credit amounts in the header's default currency,AuditFile/SourceDocuments/SalesInvoices/TotalCredit,,,,,,,
ASBIE,3,Invoice,Invoice,SalesInvoices,,InvoiceStructure,,,,unbounded,,AuditFile/SourceDocuments/SalesInvoices/Invoice,,,,,,,
ASBIE,2,PurchaseInvoices,PurchaseInvoices,SourceDocuments,,,,,zero,,,AuditFile/SourceDocuments/PurchaseInvoices,,,,,,,
ASBIE,3,NumberOfEntries,NumberOfEntries,PurchaseInvoices,,nonNegativeInteger,,,,,Number of entries,AuditFile/SourceDocuments/PurchaseInvoices/NumberOfEntries,,,,,,,
BBIE,3,TotalDebit,TotalDebit,PurchaseInvoices,,SAFmonetaryType,,,,,The total of all debit amounts in the header's default currency,AuditFile/SourceDocuments/PurchaseInvoices/TotalDebit,,,,,,,
BBIE,3,TotalCredit,TotalCredit,PurchaseInvoices,,SAFmonetaryType,,,,,The total of all credit amounts in the header's default currency,AuditFile/SourceDocuments/PurchaseInvoices/TotalCredit,,,,,,,
ASBIE,3,Invoice,Invoice,PurchaseInvoices,,InvoiceStructure,,,,unbounded,,AuditFile/SourceDocuments/PurchaseInvoices/Invoice,,,,,,,
ASBIE,2,Payments,Payments,SourceDocuments,,,,,zero,,,AuditFile/SourceDocuments/Payments,,,,,,,
ASBIE,3,NumberOfEntries,NumberOfEntries,Payments,,nonNegativeInteger,,,,,Number of entries,AuditFile/SourceDocuments/Payments/NumberOfEntries,,,,,,,
BBIE,3,TotalDebit,TotalDebit,Payments,,SAFmonetaryType,,,,,The total of all debit amounts in the header's default currency,AuditFile/SourceDocuments/Payments/TotalDebit,,,,,,,
BBIE,3,TotalCredit,TotalCredit,Payments,,SAFmonetaryType,,,,,The total of all credit amounts in the header's default currency,AuditFile/SourceDocuments/Payments/TotalCredit,,,,,,,
ASBIE,3,Payment,Payment,Payments,,,,,,unbounded,,AuditFile/SourceDocuments/Payments/Payment,,##other,0,Represents space to allow individual Revenue Bodies to add further elements,##other,0,Represents space to allow individual Revenue Bodies to add further elements
BBIE,4,PaymentRefNo,PaymentRefNo,Payment,,SAFmiddle1textType,,,,,Unique reference number for payment,AuditFile/SourceDocuments/Payments/Payment/PaymentRefNo,,,,,,,
ASBIE,4,Period,Period,Payment,,nonNegativeInteger,,,zero,,Accounting Period,AuditFile/SourceDocuments/Payments/Payment/Period,,,,,,,
ASBIE,4,PeriodYear,PeriodYear,Payment,nonNegativeInteger,,,,zero,,The year of the Accounting Period.,AuditFile/SourceDocuments/Payments/Payment/PeriodYear,,,,,,,
RFBIE,4,TransactionID,TransactionID,Payment,,SAFmiddle2textType,,,zero,,"Cross-reference to GL posting. It can contain many different levels to identify the transaction. It could include cost centres such as company, division, region, group and branch/department.",AuditFile/SourceDocuments/Payments/Payment/TransactionID,AuditFile/GeneralLedgerEntries/Journal/Transaction/TransactionID,,,,,,
BBIE,4,TransactionDate,TransactionDate,Payment,,date,,,,,Document date,AuditFile/SourceDocuments/Payments/Payment/TransactionDate,,,,,,,
BBIE,4,PaymentMethod,PaymentMethod,Payment,,SAFcodeType,,,zero,,"Cheque, Bank, Giro, Cash, etc.",AuditFile/SourceDocuments/Payments/Payment/PaymentMethod,,,,,,,
BBIE,4,Description,Description,Payment,,SAFlongtextType,,,,,Description of the payment.,AuditFile/SourceDocuments/Payments/Payment/Description,,,,,,,
BBIE,4,BatchID,BatchID,Payment,,SAFmiddle1textType,,,zero,,Systems generated ID for batch,AuditFile/SourceDocuments/Payments/Payment/BatchID,,,,,,,
BBIE,4,SystemID,SystemID,Payment,,SAFmiddle1textType,,,zero,,Unique number created by the system for the document,AuditFile/SourceDocuments/Payments/Payment/SystemID,,,,,,,
BBIE,4,SourceID,SourceID,Payment,,SAFmiddle1textType,,,zero,,Details of person or application that entered the transaction,AuditFile/SourceDocuments/Payments/Payment/SourceID,,,,,,,
ASBIE,4,Line,Line,Payment,,,,,,unbounded,,AuditFile/SourceDocuments/Payments/Payment/Line,,##other,0,Represents space to allow individual Revenue Bodies to add further elements,##other,0,Represents space to allow individual Revenue Bodies to add further elements
BBIE,5,LineNumber,LineNumber,Line,,SAFshorttextType,,,zero,,Number of the paymentline,AuditFile/SourceDocuments/Payments/Payment/Line/LineNumber,,,,,,,
BBIE,5,SourceDocumentID,SourceDocumentID,Line,,SAFmiddle1textType,,,zero,,The source document to which the line relates,AuditFile/SourceDocuments/Payments/Payment/Line/SourceDocumentID,,,,,,,
RFBIE,5,AccountID,AccountID,Line,,SAFmiddle2textType,,,zero,,"General Ledger Account code. Can be including sub-account id. It can contain many different levels to identify the Account. It could include cost centres such as company, division, region, group and branch/department.",AuditFile/SourceDocuments/Payments/Payment/Line/AccountID,AuditFile/MasterFiles/GeneralLedgerAccounts/Account/AccountID,,,,,,
ASBIE,5,Analysis,Analysis,Line,,AnalysisStructure,,,zero,unbounded,General Ledger analysis codes,AuditFile/SourceDocuments/Payments/Payment/Line/Analysis,,,,,,,
RFBIE,5,CustomerID,CustomerID,Line,,SAFmiddle1textType,,,zero,,Unique code for the customer,AuditFile/SourceDocuments/Payments/Payment/Line/CustomerID,AuditFile/MasterFiles/Customers/Customer/CustomerID,,,,,,
RFBIE,5,SupplierID,SupplierID,Line,,SAFmiddle1textType,,,zero,,Unique code for the supplier,AuditFile/SourceDocuments/Payments/Payment/Line/SupplierID,AuditFile/MasterFiles/Suppliers/Supplier/SupplierID,,,,,,
BBIE,5,TaxPointDate,TaxPointDate,Line,,date,,,zero,,Tax Point date where recorded or if not recorded then the Invoice date,AuditFile/SourceDocuments/Payments/Payment/Line/TaxPointDate,,,,,,,
BBIE,5,Description,Description,Line,,SAFlongtextType,,,zero,,Description of the payment line.,AuditFile/SourceDocuments/Payments/Payment/Line/Description,,,,,,,
ASBIE,5,DebitCreditIndicator,DebitCreditIndicator,Line,SAFcodeType,,,C,,,Indicates whether the amounts on line-level are debit or credit amounts. Entry must correspond to entry reflected in General Ledger Entry. Signing of lineamounts is relative to this indicator. E.g. a return can lead to a negative amount.,AuditFile/SourceDocuments/Payments/Payment/Line/DebitCreditIndicator,,,,,,,
ASBIE,5,PaymentLineAmount,PaymentLineAmount,Line,,AmountStructure,,,,,Amount for transaction excluding taxes.,AuditFile/SourceDocuments/Payments/Payment/Line/PaymentLineAmount,,,,,,,
ASBIE,5,TaxInformation,TaxInformation,Line,,TaxInformationStructure,,,zero,unbounded,,AuditFile/SourceDocuments/Payments/Payment/Line/TaxInformation,,,,,,,
ASBIE,4,Settlement,Settlement,Payment,,,,,zero,,,AuditFile/SourceDocuments/Payments/Payment/Settlement,,,,,,,
BBIE,5,SettlementDiscount,SettlementDiscount,Settlement,,SAFmiddle1textType,,,zero,,Description Settlement / Other Discount,AuditFile/SourceDocuments/Payments/Payment/Settlement/SettlementDiscount,,,,,,,
ASBIE,5,SettlementAmount,SettlementAmount,Settlement,,AmountStructure,,,zero,,Settlement amount,AuditFile/SourceDocuments/Payments/Payment/Settlement/SettlementAmount,,,,,,,
BBIE,5,SettlementDate,SettlementDate,Settlement,,date,,,zero,,Date settled,AuditFile/SourceDocuments/Payments/Payment/Settlement/SettlementDate,,,,,,,
BBIE,5,PaymentMechanism,PaymentMechanism,Settlement,,SAFcodeType,,,zero,,Payment mechanism,AuditFile/SourceDocuments/Payments/Payment/Settlement/PaymentMechanism,,,,,,,
ASBIE,4,DocumentTotals,DocumentTotals,Payment,,,,,zero,,,AuditFile/SourceDocuments/Payments/Payment/DocumentTotals,,,,,,,
ASBIE,5,TaxInformationTotals,TaxInformationTotals,DocumentTotals,,TaxInformationStructure,,,zero,unbounded,Control totals tax payable information. Per TaxType/TaxCode the TaxBase and TaxAmount are summarised.,AuditFile/SourceDocuments/Payments/Payment/DocumentTotals/TaxInformationTotals,,,,,,,
BBIE,5,NetTotal,NetTotal,DocumentTotals,,SAFmonetaryType,,,zero,,Total amount excluding tax in the header's default currency.,AuditFile/SourceDocuments/Payments/Payment/DocumentTotals/NetTotal,,,,,,,
BBIE,5,GrossTotal,GrossTotal,DocumentTotals,,SAFmonetaryType,,,,,Total amount including tax in the header's default currency.,AuditFile/SourceDocuments/Payments/Payment/DocumentTotals/GrossTotal,,,,,,,
ASBIE,2,MovementOfGoods,MovementOfGoods,SourceDocuments,,,,,zero,,,AuditFile/SourceDocuments/MovementOfGoods,,,,,,,
ASBIE,3,NumberOfMovementLines,NumberOfMovementLines,MovementOfGoods,,nonNegativeInteger,,,,,Number of movementlines in selected period,AuditFile/SourceDocuments/MovementOfGoods/NumberOfMovementLines,,,,,,,
BBIE,3,TotalQuantityReceived,TotalQuantityReceived,MovementOfGoods,,SAFquantityType,,,,,Quantity of goods received,AuditFile/SourceDocuments/MovementOfGoods/TotalQuantityReceived,,,,,,,
BBIE,3,TotalQuantityIssued,TotalQuantityIssued,MovementOfGoods,,SAFquantityType,,,,,Quantity of goods issued in selected period,AuditFile/SourceDocuments/MovementOfGoods/TotalQuantityIssued,,,,,,,
ASBIE,3,StockMovement,StockMovement,MovementOfGoods,,,,,,unbounded,,AuditFile/SourceDocuments/MovementOfGoods/StockMovement,,##other,0,Represents space to allow individual Revenue Bodies to add further elements,##other,0,Represents space to allow individual Revenue Bodies to add further elements
IDBIE,4,MovementReference,MovementReference,StockMovement,,SAFmiddle1textType,,,,,Unique reference to the movement.,AuditFile/SourceDocuments/MovementOfGoods/StockMovement/MovementReference,,,,,,,
BBIE,4,MovementDate,MovementDate,StockMovement,,date,,,,,Document date,AuditFile/SourceDocuments/MovementOfGoods/StockMovement/MovementDate,,,,,,,
BBIE,4,MovementPostingDate,MovementPostingDate,StockMovement,,date,,,zero,,Date of posting of the movement if different to Movement Date,AuditFile/SourceDocuments/MovementOfGoods/StockMovement/MovementPostingDate,,,,,,,
ASBIE,4,MovementPostingTime,MovementPostingTime,StockMovement,,time,,,zero,,Time of posting of the movement,AuditFile/SourceDocuments/MovementOfGoods/StockMovement/MovementPostingTime,,,,,,,
BBIE,4,TaxPointDate,TaxPointDate,StockMovement,,date,,,zero,,Date of supply of goods,AuditFile/SourceDocuments/MovementOfGoods/StockMovement/TaxPointDate,,,,,,,
RFBIE,4,MovementType,MovementType,StockMovement,,SAFcodeType,,,,,"The movementtype expresses the type of the process for the underlaying lines. E.g. production, sales, purchase. Predescribed TABLE is possible.",AuditFile/SourceDocuments/MovementOfGoods/StockMovement/MovementType,AuditFile/MasterFiles/MovementTypeTable/MovementTypeTableEntry/MovementType,,,,,,
BBIE,4,SourceID,SourceID,StockMovement,,SAFmiddle1textType,,,zero,,Details of person or application that entered the transaction,AuditFile/SourceDocuments/MovementOfGoods/StockMovement/SourceID,,,,,,,
BBIE,4,SystemID,SystemID,StockMovement,,SAFmiddle1textType,,,zero,,Unique number created by the system for the document,AuditFile/SourceDocuments/MovementOfGoods/StockMovement/SystemID,,,,,,,
ASBIE,4,DocumentReference,DocumentReference,StockMovement,,,,,zero,,,AuditFile/SourceDocuments/MovementOfGoods/StockMovement/DocumentReference,,,,,,,
BBIE,5,DocumentType,DocumentType,DocumentReference,,SAFshorttextType,,,,,Type of document,AuditFile/SourceDocuments/MovementOfGoods/StockMovement/DocumentReference/DocumentType,,,,,,,
BBIE,5,DocumentNumber,DocumentNumber,DocumentReference,,SAFmiddle1textType,,,,,Reference number of the document,AuditFile/SourceDocuments/MovementOfGoods/StockMovement/DocumentReference/DocumentNumber,,,,,,,
BBIE,5,DocumentLine,DocumentLine,DocumentReference,,SAFshorttextType,,,zero,,Line number of the document,AuditFile/SourceDocuments/MovementOfGoods/StockMovement/DocumentReference/DocumentLine,,,,,,,
ASBIE,4,Line,Line,StockMovement,,,,,,unbounded,,AuditFile/SourceDocuments/MovementOfGoods/StockMovement/Line,,##other,0,Represents space to allow individual Revenue Bodies to add further elements,##other,0,Represents space to allow individual Revenue Bodies to add further elements
BBIE,5,LineNumber,LineNumber,Line,,SAFshorttextType,,,,,Number of the movementline,AuditFile/SourceDocuments/MovementOfGoods/StockMovement/Line/LineNumber,,,,,,,
RFBIE,5,AccountID,AccountID,Line,,SAFmiddle2textType,,,zero,,General Ledger Account code. Can be including sub-account id.,AuditFile/SourceDocuments/MovementOfGoods/StockMovement/Line/AccountID,AuditFile/MasterFiles/GeneralLedgerAccounts/Account/AccountID,,,,,,
RFBIE,5,TransactionID,TransactionID,Line,,SAFmiddle2textType,,,zero,,"Cross-reference to GL posting. It can contain many different levels to identify the transaction. It could include cost centres such as company, division, region, group and branch/department.",AuditFile/SourceDocuments/MovementOfGoods/StockMovement/Line/TransactionID,AuditFile/GeneralLedgerEntries/Journal/Transaction/TransactionID,,,,,,
RFBIE,5,CustomerID,CustomerID,Line,,SAFmiddle1textType,,,zero,,Unique code for the customer,AuditFile/SourceDocuments/MovementOfGoods/StockMovement/Line/CustomerID,AuditFile/MasterFiles/Customers/Customer/CustomerID,,,,,,
RFBIE,5,SupplierID,SupplierID,Line,,SAFmiddle1textType,,,zero,,Unique code for the supplier,AuditFile/SourceDocuments/MovementOfGoods/StockMovement/Line/SupplierID,AuditFile/MasterFiles/Suppliers/Supplier/SupplierID,,,,,,
ASBIE,5,ShipTo,ShipTo,Line,,ShippingPointStructure,,,zero,,Ship To details,AuditFile/SourceDocuments/MovementOfGoods/StockMovement/Line/ShipTo,,,,,,,
ASBIE,5,ShipFrom,ShipFrom,Line,,ShippingPointStructure,,,zero,,Ship from Details,AuditFile/SourceDocuments/MovementOfGoods/StockMovement/Line/ShipFrom,,,,,,,
RFBIE,5,ProductCode,ProductCode,Line,,SAFmiddle2textType,,,,,Product code,AuditFile/SourceDocuments/MovementOfGoods/StockMovement/Line/ProductCode,AuditFile/MasterFiles/Products/Product/ProductCode,,,,,,
RFBIE,5,StockAccountNo,StockAccountNo,Line,,SAFmiddle2textType,,,zero,,"Stock batch, lot, serial identification. Not used when there is exactly 1 PhysicalStock entry per ProductCode",AuditFile/SourceDocuments/MovementOfGoods/StockMovement/Line/StockAccountNo,AuditFile/MasterFiles/PhysicalStock/PhysicalStockEntry/StockAccountNo,,,,,,
BBIE,5,Quantity,Quantity,Line,,SAFquantityType,,,,,Quantity of goods,AuditFile/SourceDocuments/MovementOfGoods/StockMovement/Line/Quantity,,,,,,,
RFBIE,5,UnitOfMeasure,UnitOfMeasure,Line,,SAFcodeType,,,,,Quantity unit of measure e.g. pack of 12,AuditFile/SourceDocuments/MovementOfGoods/StockMovement/Line/UnitOfMeasure,AuditFile/MasterFiles/UOMTable/UOMTableEntry/UnitOfMeasure,,,,,,
BBIE,5,UOMToUOMPhysicalStockConversionFactor,UOMToUOMPhysicalStockConversionFactor,Line,,decimal,,,,,Conversion factor of the UOM to UOM Physical Stock,AuditFile/SourceDocuments/MovementOfGoods/StockMovement/Line/UOMToUOMPhysicalStockConversionFactor,,,,,,,
BBIE,5,BookValue,BookValue,Line,,SAFmonetaryType,,,zero,,Value of the transaction line as registrerd in the general ledger in the header's default currency.,AuditFile/SourceDocuments/MovementOfGoods/StockMovement/Line/BookValue,,,,,,,
RFBIE,5,MovementSubType,MovementSubType,Line,,SAFcodeType,,,,,"Indentify the type of the movement on line / article level. A movement(type) production contains f.i. use of components, getting finished product, efficiencyloss as movementsubtypes. Predescribed TABLE is possible.",AuditFile/SourceDocuments/MovementOfGoods/StockMovement/Line/MovementSubType,AuditFile/MasterFiles/MovementTypeTable/MovementTypeTableEntry/MovementType,,,,,,
BBIE,5,MovementComments,MovementComments,Line,,SAFlongtextType,,,zero,,A reason for the movement,AuditFile/SourceDocuments/MovementOfGoods/StockMovement/Line/MovementComments,,,,,,,
ASBIE,5,TaxInformation,TaxInformation,Line,,TaxInformationStructure,,,zero,unbounded,,AuditFile/SourceDocuments/MovementOfGoods/StockMovement/Line/TaxInformation,,,,,,,
ASBIE,2,AssetTransactions,AssetTransactions,SourceDocuments,,,,,zero,,Details of all transactions related to an asset during the Selectionperiod.,AuditFile/SourceDocuments/AssetTransactions,,,,,,,
ASBIE,3,NumberOfAssetTransactions,NumberOfAssetTransactions,AssetTransactions,,nonNegativeInteger,,,,,Number of movementlines during selected period,AuditFile/SourceDocuments/AssetTransactions/NumberOfAssetTransactions,,,,,,,
ASBIE,3,AssetTransaction,AssetTransaction,AssetTransactions,,,,,,unbounded,,AuditFile/SourceDocuments/AssetTransactions/AssetTransaction,,##other,0,Represents space to allow individual Revenue Bodies to add further elements,##other,0,Represents space to allow individual Revenue Bodies to add further elements
RFBIE,4,AssetTransactionID,AssetTransactionID,AssetTransaction,,SAFmiddle2textType,,,,,Unique Identification  of the transaction,AuditFile/SourceDocuments/AssetTransactions/AssetTransaction/AssetTransactionID,AuditFile/GeneralLedgerEntries/Journal/Transaction/TransactionID,,,,,,
RFBIE,4,AssetID,AssetID,AssetTransaction,,SAFmiddle1textType,,,,,Unique identifier of the asset,AuditFile/SourceDocuments/AssetTransactions/AssetTransaction/AssetID,AuditFile/MasterFiles/Assets/Asset/AssetID,,,,,,
BBIE,4,AssetTransactionType,AssetTransactionType,AssetTransaction,,SAFcodeType,,,,,Code for the type of the transaction,AuditFile/SourceDocuments/AssetTransactions/AssetTransaction/AssetTransactionType,,,,,,,
BBIE,4,Description,Description,AssetTransaction,,SAFlongtextType,,,zero,,Description of the type of the transaction.,AuditFile/SourceDocuments/AssetTransactions/AssetTransaction/Description,,,,,,,
BBIE,4,AssetTransactionDate,AssetTransactionDate,AssetTransaction,,date,,,,,Recording date of the transaction type (e. g. assets: date of the addition of the asset),AuditFile/SourceDocuments/AssetTransactions/AssetTransaction/AssetTransactionDate,,,,,,,
ASBIE,4,Supplier,Supplier,AssetTransaction,,,,,zero,,Information about the supplier of the asset,AuditFile/SourceDocuments/AssetTransactions/AssetTransaction/Supplier,,,,,,,
BBIE,5,SupplierName,SupplierName,Supplier,,SAFmiddle2textType,,,,,Name of the supplier of the asset,AuditFile/SourceDocuments/AssetTransactions/AssetTransaction/Supplier/SupplierName,,,,,,,
RFBIE,5,SupplierID,SupplierID,Supplier,,SAFmiddle1textType,,,zero,,Unique code for the supplier,AuditFile/SourceDocuments/AssetTransactions/AssetTransaction/Supplier/SupplierID,AuditFile/MasterFiles/Suppliers/Supplier/SupplierID,,,,,,
ASBIE,5,PostalAddress,PostalAddress,Supplier,,AddressStructure,,,,,Address information of the supplier of the asset,AuditFile/SourceDocuments/AssetTransactions/AssetTransaction/Supplier/PostalAddress,,,,,,,
BBIE,4,TransactionID,TransactionID,AssetTransaction,,SAFmiddle2textType,,,zero,,"Cross-reference to GL posting in the journal. It can contain many different levels to identify the transaction. It could include cost centres such as company, division, region, group and branch/department.",AuditFile/SourceDocuments/AssetTransactions/AssetTransaction/TransactionID,,,,,,,
ASBIE,4,AssetTransactionValuations,AssetTransactionValuations,AssetTransaction,,,,,,,These amounts of the transaction can differ per asset valuation type.,AuditFile/SourceDocuments/AssetTransactions/AssetTransaction/AssetTransactionValuations,,,,,,,
ASBIE,5,AssetTransactionValuation,AssetTransactionValuation,AssetTransactionValuations,,,,,,unbounded,,AuditFile/SourceDocuments/AssetTransactions/AssetTransaction/AssetTransactionValuations/AssetTransactionValuation,,##other,0,Represents space to allow individual Revenue Bodies to add further elements,##other,0,Represents space to allow individual Revenue Bodies to add further elements
BBIE,6,AssetValuationType,AssetValuationType,AssetTransactionValuation,,SAFshorttextType,,,zero,,"Describes the purpose for the reporting: f.i. commercial, tax  in country 1, tax in country 2, etc.",AuditFile/SourceDocuments/AssetTransactions/AssetTransaction/AssetTransactionValuations/AssetTransactionValuation/AssetValuationType,,,,,,,
BBIE,6,AcquisitionAndProductionCostsOnTransaction,AcquisitionAndProductionCostsOnTransaction,AssetTransactionValuation,,SAFmonetaryType,,,,,Costs of acquisition and/or production of related asset transaction in the header's default currency at date of transaction.,AuditFile/SourceDocuments/AssetTransactions/AssetTransaction/AssetTransactionValuations/AssetTransactionValuation/AcquisitionAndProductionCostsOnTransaction,,,,,,,
BBIE,6,BookValueOnTransaction,BookValueOnTransaction,AssetTransactionValuation,,SAFmonetaryType,,,,,Bookvalue of related asset transaction in the header's default currency at date of transaction.,AuditFile/SourceDocuments/AssetTransactions/AssetTransaction/AssetTransactionValuations/AssetTransactionValuation/BookValueOnTransaction,,,,,,,
BBIE,6,AssetTransactionAmount,AssetTransactionAmount,AssetTransactionValuation,,SAFmonetaryType,,,,,"Net Amount of related asset transaction in the header's default currency, for instance the net sales revenue.",AuditFile/SourceDocuments/AssetTransactions/AssetTransaction/AssetTransactionValuations/AssetTransactionValuation/AssetTransactionAmount,,,,,,,
ABIE,,InvoiceStructure,InvoiceStructure,,,,,,,,Containing all information about sales invoices and suppliers invoices,InvoiceStructure,,##other,0,Represents space to allow individual Revenue Bodies to add further elements,##other,0,Represents space to allow individual Revenue Bodies to add further elements
BBIE,1,InvoiceNo,InvoiceNo,InvoiceStructure,,SAFmiddle2textType,,,,,,InvoiceStructure/InvoiceNo,,,,,,,
ASBIE,1,choice,CustomerInfo/SupplierInfo,InvoiceStructure,,,,,zero,,,InvoiceStructure/choice,,,,,,,
ASBIE,1,CustomerInfo,CustomerInfo,InvoiceStructure,,,,,,,,InvoiceStructure/CustomerInfo,,,,,,,
ASBIE,2,chooice,CustomerID/Name,CustomerInfo,,,,,,,,InvoiceStructure/CustomerInfo/chooice,,,,,,,
BBIE,2,CustomerID,CustomerID,CustomerInfo,,SAFmiddle1textType,,,,,Unique code for the customer,InvoiceStructure/CustomerInfo/CustomerID,,,,,,,
BBIE,2,Name,Name,CustomerInfo,,SAFmiddle2textType,,,,,Name of the customer,InvoiceStructure/CustomerInfo/Name,,,,,,,
ASBIE,2,BillingAddress,BillingAddress,CustomerInfo,,AddressStructure,,,,,,InvoiceStructure/CustomerInfo/BillingAddress,,,,,,,
ASBIE,1,SupplierInfo,SupplierInfo,InvoiceStructure,,,,,,,,InvoiceStructure/SupplierInfo,,,,,,,
ASBIE,2,choice,SupplierID/Name,SupplierInfo,,,,,,,,InvoiceStructure/SupplierInfo/choice,,,,,,,
BBIE,2,SupplierID,SupplierID,SupplierInfo,,SAFmiddle1textType,,,,,Unique code for the supplier,InvoiceStructure/SupplierInfo/SupplierID,,,,,,,
BBIE,2,Name,Name,SupplierInfo,,SAFmiddle2textType,,,,,Name of the supplier,InvoiceStructure/SupplierInfo/Name,,,,,,,
ASBIE,2,BillingAddress,BillingAddress,SupplierInfo,,AddressStructure,,,,,,InvoiceStructure/SupplierInfo/BillingAddress,,,,,,,
BBIE,1,AccountID,AccountID,InvoiceStructure,,SAFmiddle2textType,,,zero,,"General Ledger Account code of the customer / supplier. Can be including sub-account id. It can contain many different levels to identify the Account. It could include cost centres such as company, division, region, group and branch/department.",InvoiceStructure/AccountID,,,,,,,
BBIE,1,BranchStoreNumber,BranchStoreNumber,InvoiceStructure,,SAFmiddle1textType,,,zero,,"Branch or Storenumber, additional segregation of customer/supplier, used if not included as part of the customer/supplier id.",InvoiceStructure/BranchStoreNumber,,,,,,,
ASBIE,1,Period,Period,InvoiceStructure,,nonNegativeInteger,,,zero,,Accounting Period,InvoiceStructure/Period,,,,,,,
ASBIE,1,PeriodYear,PeriodYear,InvoiceStructure,nonNegativeInteger,,,,zero,,The year of the Accounting Period.,InvoiceStructure/PeriodYear,,,,,,,
BBIE,1,InvoiceDate,InvoiceDate,InvoiceStructure,,date,,,,,,InvoiceStructure/InvoiceDate,,,,,,,
BBIE,1,InvoiceType,InvoiceType,InvoiceStructure,,SAFcodeType,,,zero,,"Type of invoice: Debit invoice, Credit invoice, Cash, Ticket, etc.",InvoiceStructure/InvoiceType,,,,,,,
ASBIE,1,shipTo,ShipTo,InvoiceStructure,,ShippingPointStructure,,,zero,,Ship To details,InvoiceStructure/shipTo,,,,,,,
ASBIE,1,shipFrom,ShipFrom,InvoiceStructure,,ShippingPointStructure,,,zero,,Ship from Details,InvoiceStructure/shipFrom,,,,,,,
BBIE,1,PaymentTerms,PaymentTerms,InvoiceStructure,,SAFmiddle2textType,,,zero,,Payments terms for this invoice,InvoiceStructure/PaymentTerms,,,,,,,
BBIE,1,SelfBillingIndicator,SelfBillingIndicator,InvoiceStructure,,SAFcodeType,,,zero,,Indicator showing if self-billing  is used for this invoice.,InvoiceStructure/SelfBillingIndicator,,,,,,,
BBIE,1,SourceID,SourceID,InvoiceStructure,,SAFmiddle1textType,,,zero,,Details of person or application that entered the transaction,InvoiceStructure/SourceID,,,,,,,
BBIE,1,GLPostingDate,GLPostingDate,InvoiceStructure,,date,,,zero,,Date posting to GL,InvoiceStructure/GLPostingDate,,,,,,,
BBIE,1,BatchID,BatchID,InvoiceStructure,,SAFmiddle1textType,,,zero,,Systems generated ID for batch,InvoiceStructure/BatchID,,,,,,,
BBIE,1,SystemID,SystemID,InvoiceStructure,,SAFmiddle1textType,,,zero,,Unique number created by the system for the document,InvoiceStructure/SystemID,,,,,,,
BBIE,1,TransactionID,TransactionID,InvoiceStructure,,SAFmiddle2textType,,,zero,,"Cross-reference to GL posting. It can contain many different levels to identify the transaction. It could include cost centres such as company, division, region, group and branch/department.",InvoiceStructure/TransactionID,,,,,,,
BBIE,1,ReceiptNumbers,ReceiptNumbers,InvoiceStructure,,SAFlongtextType,,,zero,,"The number(s) of the receipt(s) on this ""consolidated invoicerecord"". Can be a single number, a range or a list.",InvoiceStructure/ReceiptNumbers,,,,,,,
ASBIE,1,Line,Line,InvoiceStructure,,,,,,unbounded,,InvoiceStructure/Line,,##other,0,Represents space to allow individual Revenue Bodies to add further elements,##other,0,Represents space to allow individual Revenue Bodies to add further elements
BBIE,2,LineNumber,LineNumber,Line,,SAFshorttextType,,,zero,,Number of the invoiceline,InvoiceStructure/Line/LineNumber,,,,,,,
BBIE,2,AccountID,AccountID,Line,,SAFmiddle2textType,,,zero,,"General Ledger Account code of the GL-revenue-account. Can be including sub-account id. It can contain many different levels to identify the Account. It could include cost centres such as company, division, region, group and branch/department.",InvoiceStructure/Line/AccountID,,,,,,,
ASBIE,2,Analysis,Analysis,Line,,AnalysisStructure,,,zero,unbounded,General Ledger analysis codes,InvoiceStructure/Line/Analysis,,,,,,,
ASBIE,2,OrderReferences,OrderReferences,Line,,,,,zero,unbounded,Relevant order references,InvoiceStructure/Line/OrderReferences,,,,,,,
BBIE,3,OriginatingON,OriginatingON,OrderReferences,,SAFmiddle2textType,,,zero,,Origination Order Number,InvoiceStructure/Line/OrderReferences/OriginatingON,,,,,,,
BBIE,3,OrderDate,OrderDate,OrderReferences,,date,,,zero,,Date of order,InvoiceStructure/Line/OrderReferences/OrderDate,,,,,,,
ASBIE,2,ShipTo,ShipTo,Line,,ShippingPointStructure,,,zero,,Ship To details,InvoiceStructure/Line/ShipTo,,,,,,,
ASBIE,2,ShipFrom,ShipFrom,Line,,ShippingPointStructure,,,zero,,Ship from Details,InvoiceStructure/Line/ShipFrom,,,,,,,
BBIE,2,GoodsServicesID,GoodsServicesID,Line,,SAFcodeType,,,zero,,Indicator showing if goods or service,InvoiceStructure/Line/GoodsServicesID,,,,,,,
BBIE,2,ProductCode,ProductCode,Line,,SAFmiddle2textType,,,zero,,Product code,InvoiceStructure/Line/ProductCode,,,,,,,
BBIE,2,ProductDescription,ProductDescription,Line,,SAFlongtextType,,,zero,,Description of goods or services.,InvoiceStructure/Line/ProductDescription,,,,,,,
ASBIE,2,Delivery,Delivery,Line,,,,,zero,,Information about the date or timeframe of the delivery of the goods or services.,InvoiceStructure/Line/Delivery,,,,,,,
ASBIE,3,choice,MovementReference/DeliveryDate/DeliveryPeriod,Delivery,,,,,,,,InvoiceStructure/Line/Delivery/choice,,,,,,,
BBIE,3,MovementReference,MovementReference,Delivery,,SAFmiddle1textType,,,,unbounded,Unique reference to the movement.,InvoiceStructure/Line/Delivery/MovementReference,,,,,,,
BBIE,3,DeliveryDate,DeliveryDate,Delivery,,date,,,,,The date of the delivery,InvoiceStructure/Line/Delivery/DeliveryDate,,,,,,,
ASBIE,3,DeliveryPeriod,DeliveryPeriod,Delivery,,,,,,,Timeframe of the deliveries,InvoiceStructure/Line/Delivery/DeliveryPeriod,,,,,,,
BBIE,4,FromDate,FromDate,DeliveryPeriod,,date,,,,,Startdate of the deliveries,InvoiceStructure/Line/Delivery/DeliveryPeriod/FromDate,,,,,,,
BBIE,4,ToDate,ToDate,DeliveryPeriod,,date,,,,,Enddate of the deliveries,InvoiceStructure/Line/Delivery/DeliveryPeriod/ToDate,,,,,,,
BBIE,2,Quantity,Quantity,Line,,SAFquantityType,,,zero,,Quantity of goods and services supplied.,InvoiceStructure/Line/Quantity,,,,,,,
BBIE,2,InvoiceUOM,InvoiceUOM,Line,,SAFcodeType,,,zero,,Quantity unit of measure e.g. pack of 12,InvoiceStructure/Line/InvoiceUOM,,,,,,,
BBIE,2,UOMToUOMBaseConversionFactor,UOMToUOMBaseConversionFactor,Line,,decimal,,,zero,,Conversion factor of the InvoiceUOM to UOM Base. Only needed when InvoiceUOM is reported and is different from the UOM Base.,InvoiceStructure/Line/UOMToUOMBaseConversionFactor,,,,,,,
BBIE,2,UnitPrice,UnitPrice,Line,,SAFmonetaryType,,,,,Unit price for the unit/group of units per UOM in the header's default currency.,InvoiceStructure/Line/UnitPrice,,,,,,,
BBIE,2,TaxPointDate,TaxPointDate,Line,,date,,,,,Tax Point date where recorded or if not recorded then the Invoice date,InvoiceStructure/Line/TaxPointDate,,,,,,,
ASBIE,2,References,References,Line,,,,,zero,,Credit Note references,InvoiceStructure/Line/References,,,,,,,
ASBIE,3,CreditNote,CreditNote,References,,,,,zero,,,InvoiceStructure/Line/References/CreditNote,,,,,,,
BBIE,4,Reference,Reference,CreditNote,,SAFmiddle1textType,,,zero,,Credit note reference (where applicable) to original invoice,InvoiceStructure/Line/References/CreditNote/Reference,,,,,,,
BBIE,4,Reason,Reason,CreditNote,,SAFlongtextType,,,zero,,Credit note reason or rationale,InvoiceStructure/Line/References/CreditNote/Reason,,,,,,,
BBIE,2,Description,Description,Line,,SAFlongtextType,,,,,Description of Invoice Line.,InvoiceStructure/Line/Description,,,,,,,
ASBIE,3,Amount,Line/Amount,Line,,AmountStructure,,,,,Amount for transaction excluding taxes and freightcharges.,InvoiceStructure/Line/Line/Amount,,,,,,,
ASBIE,2,DebitCreditIndicator,DebitCreditIndicator,Line,SAFcodeType,,,C,,,Indicates whether the amounts on line-level are debit or credit amounts. Entry must correspond to entry reflected in General Ledger Entry. Signing of lineamounts is relative to this indicator. E.g. a return can lead to a negative amount.,InvoiceStructure/Line/DebitCreditIndicator,,,,,,,
ASBIE,2,ShippingCostsAmount,ShippingCostsAmount,Line,,AmountStructure,,,zero,,Amount for shipping/freight charges.,InvoiceStructure/Line/ShippingCostsAmount,,,,,,,
ASBIE,2,TaxInformation,TaxInformation,Line,,TaxInformationStructure,,,zero,unbounded,,InvoiceStructure/Line/TaxInformation,,,,,,,
ASBIE,1,Settlement,Settlement,InvoiceStructure,,,,,zero,,,InvoiceStructure/Settlement,,,,,,,
BBIE,2,SettlementDiscount,SettlementDiscount,Settlement,,SAFmiddle1textType,,,zero,,Description Settlement / Other Discount,InvoiceStructure/Settlement/SettlementDiscount,,,,,,,
ASBIE,2,SettlementAmount,SettlementAmount,Settlement,,AmountStructure,,,,,Settlement amount,InvoiceStructure/Settlement/SettlementAmount,,,,,,,
BBIE,2,SettlementDate,SettlementDate,Settlement,,date,,,zero,,Date settled,InvoiceStructure/Settlement/SettlementDate,,,,,,,
BBIE,2,PaymentMechanism,PaymentMechanism,Settlement,,SAFcodeType,,,zero,,Payment mechanism,InvoiceStructure/Settlement/PaymentMechanism,,,,,,,
ASBIE,1,DocumentTotals,DocumentTotals,InvoiceStructure,,,,,zero,,,InvoiceStructure/DocumentTotals,,,,,,,
ASBIE,2,TaxInformationTotals,TaxInformationTotals,DocumentTotals,,TaxInformationStructure,,,zero,unbounded,Control totals tax payable information. Per TaxType/TaxCode the TaxBase and TaxAmount are summarised.,InvoiceStructure/DocumentTotals/TaxInformationTotals,,,,,,,
BBIE,2,ShippingCostsAmountTotal,ShippingCostsAmountTotal,DocumentTotals,,SAFmonetaryType,,,zero,,Control total amount freight charges,InvoiceStructure/DocumentTotals/ShippingCostsAmountTotal,,,,,,,
BBIE,2,NetTotal,NetTotal,DocumentTotals,,SAFmonetaryType,,,,,Control total sales value excluding tax and shippingcosts.,InvoiceStructure/DocumentTotals/NetTotal,,,,,,,
BBIE,2,GrossTotal,GrossTotal,DocumentTotals,,SAFmonetaryType,,,,,Control total amount including tax and shippingcosts.,InvoiceStructure/DocumentTotals/GrossTotal,,,,,,,
ABIE,,ShippingPointStructure,ShippingPointStructure,,,,,,,,A structure that holds all shipping point information.,ShippingPointStructure,,,,,,,
BBIE,1,DeliveryID,DeliveryID,ShippingPointStructure,,SAFmiddle1textType,,,zero,,Identification of the delivery,ShippingPointStructure/DeliveryID,,,,,,,
BBIE,1,DeliveryDate,DeliveryDate,ShippingPointStructure,,date,,,zero,,Date goods are delivered,ShippingPointStructure/DeliveryDate,,,,,,,
BBIE,1,WarehouseID,WarehouseID,ShippingPointStructure,,SAFmiddle1textType,,,zero,,"Warehouse where goods held - also to identify work-in-progress, or stock-in-transit",ShippingPointStructure/WarehouseID,,,,,,,
BBIE,1,LocationID,LocationID,ShippingPointStructure,,SAFshorttextType,,,zero,,Location of goods in warehouse,ShippingPointStructure/LocationID,,,,,,,
BBIE,1,UCR,UCR,ShippingPointStructure,,SAFmiddle1textType,,,zero,,Unique consignment reference number,ShippingPointStructure/UCR,,,,,,,
ASBIE,1,Address,Address,ShippingPointStructure,,AddressStructure,,,zero,,,ShippingPointStructure/Address,,,,,,,
ABIE,,AddressStructure,AddressStructure,,,,,,,,[Common to all SAFs] A common structure used wherever an address is required.,AddressStructure,,,,,,,
BBIE,1,StreetName,StreetName,AddressStructure,,SAFmiddle2textType,,,zero,,,AddressStructure/StreetName,,,,,,,
BBIE,1,Number,Number,AddressStructure,,SAFshorttextType,,,zero,,,AddressStructure/Number,,,,,,,
BBIE,1,AdditionalAddressDetail,AdditionalAddressDetail,AddressStructure,,SAFmiddle2textType,,,zero,,,AddressStructure/AdditionalAddressDetail,,,,,,,
BBIE,1,Building,Building,AddressStructure,,SAFmiddle1textType,,,zero,,,AddressStructure/Building,,,,,,,
BBIE,1,City,City,AddressStructure,,SAFmiddle1textType,,,,,,AddressStructure/City,,,,,,,
BBIE,1,PostalCode,PostalCode,AddressStructure,,SAFshorttextType,,,,,,AddressStructure/PostalCode,,,,,,,
BBIE,1,Region,Region,AddressStructure,,SAFmiddle1textType,,,zero,,Country specific code to indicate regions / provinces within the tax authority. Preferably described according to ISO 3166-2. Example: GB-KEN for Kent county in the United Kingdom.,AddressStructure/Region,,,,,,,
BBIE,1,Country,Country,AddressStructure,,ISOCountryCode,,,zero,,Two-letter country code according to ISO 3166-1 alpha 2 standard. Example NL for the Netherlands.,AddressStructure/Country,,,,,,,
ASBIE,1,AddressType,AddressType,AddressStructure,string,,,ShipFromAddress,zero,,"Field to differentiate between multiple addresses. To indicate the type of address. Choose  from the predefined enumeration. (examples: StreetAddress PostalAddress, BillingAddress)",AddressStructure/AddressType,,,,,,,
ABIE,,AmountStructure,AmountStructure,,,,,,,,[Common to all SAFs] A common structure used wherever an amount is required. Monetary amount with optional foreign currency exchange rate information.,AmountStructure,,,,,,,
BBIE,2,element,Amount,sequence,,SAFmonetaryType,,,,,In the header's default currency.,AmountStructure/sequence/element,,,,,,,
ASBIE,2,sequence,,sequence,,,,,zero,,,AmountStructure/sequence/sequence,,,,,,,
BBIE,3,element,ExchangeRate,sequence,,SAFexchangerateType,,,zero,,The exchange rate used. CurrencyAmount x ExchangeRate = Amount,AmountStructure/sequence/sequence/element,,,,,,,
ABIE,,AnalysisStructure,AnalysisStructure,,,,,,,,General Ledger analysis codes,AnalysisStructure,,,,,,,
ASBIE,2,element,AnalysisAmount,sequence,,AmountStructure,,,zero,,Amount applying to the Analysis: f.i. the amount applying for this cost center,AnalysisStructure/sequence/element,,,,,,,
ABIE,,BankAccountStructure,BankAccountStructure,,,,,,,,"[Common to all SAFs] Bank account number information. IBAN number, or account number with optional information.",BankAccountStructure,,,,,,,
ASBIE,1,choice,IBANNumber/sequence,BankAccountStructure,,,,,,,,BankAccountStructure/choice,,,,,,,
BBIE,1,IBANNumber,IBANNumber,BankAccountStructure,,SAFmiddle1textType,,,,,"International Bank Account Number, ISO 13616",BankAccountStructure/IBANNumber,,,,,,,
BBIE,2,BankAccountNumber,BankAccountNumber,sequence,,SAFmiddle1textType,,,,,The number allocated to the account by the individuals or companys own bank.,BankAccountStructure/sequence/BankAccountNumber,,,,,,,
BBIE,2,BankAccountName,BankAccountName,sequence,,SAFmiddle2textType,,,zero,,The name of the individual or company holding the bank account.,BankAccountStructure/sequence/BankAccountName,,,,,,,
BBIE,2,SortCode,SortCode,sequence,,SAFshorttextType,,,zero,,Identifier for the bank branch at which the account is held. May be needed to uniquely identify the account.,BankAccountStructure/sequence/SortCode,,,,,,,
ABIE,,CompanyHeaderStructure,CompanyHeaderStructure,,,,,,,,[Common to all SAFs] CompanyStructure with mandatory RegistrationNumber and Telephone (Contact),CompanyHeaderStructure,,,,,,,
ASBIE,2,restriction,,complexContent,CompanyStructure,,,,,,,CompanyHeaderStructure/complexContent/restriction,,,,,,,
ASBIE,4,element,BankAccount,sequence,,BankAccountStructure,,,zero,unbounded,"Unique number to identify the company in the accounting records, issued by a government body or created by the company for internal purposes to identify different entities within their corporate group.",CompanyHeaderStructure/complexContent/restriction/sequence/element,,,,,,,
ABIE,,CompanyStructure,CompanyStructure,,,,,,,,"[Common to all SAFs] Name, address, contact and identification information of a company.",CompanyStructure,,,,,,,
BBIE,1,RegistrationNumber,RegistrationNumber,CompanyStructure,,SAFmiddle1textType,,,zero,,"Unique number to identify the company in the accounting records, issued by a government authority or created by the company for internal purposes to identify different entities within their corporate group.",CompanyStructure/RegistrationNumber,,,,,,,
ASBIE,1,Name,Address,CompanyStructure,,AddressStructure,,,,unbounded,,CompanyStructure/Name,,,,,,,
ASBIE,1,Contact,Contact,CompanyStructure,,ContactInformationStructure,,,zero,unbounded,,CompanyStructure/Contact,,,,,,,
ASBIE,1,TaxRegistration,TaxRegistration,CompanyStructure,,TaxIDStructure,,,zero,unbounded,,CompanyStructure/TaxRegistration,,,,,,,
ASBIE,1,BankAccount,BankAccount,CompanyStructure,,BankAccountStructure,,,zero,unbounded,,CompanyStructure/BankAccount,,,,,,,
ABIE,,ContactHeaderStructure,ContactHeaderStructure,,ContactInformationStructure,,,,,,[Common to all SAFs] ContactInformationStructure with madatory TelephoneNumber,ContactHeaderStructure,,,,,,,
BBIE,1,ContactPerson,Telephone,ContactHeaderStructure,,SAFshorttextType,,,,,,ContactHeaderStructure/ContactPerson,,,,,,,
BBIE,1,Fax,Fax,ContactHeaderStructure,,SAFshorttextType,,,zero,,,ContactHeaderStructure/Fax,,,,,,,
BBIE,1,Email,Email,ContactHeaderStructure,,SAFmiddle2textType,,,zero,,,ContactHeaderStructure/Email,,,,,,,
ASBIE,1,Website,Website,ContactHeaderStructure,,anyURI,,,zero,,,ContactHeaderStructure/Website,,,,,,,
ABIE,,ContactInformationStructure,ContactInformationStructure,,,,,,,,[Common to all SAFs] Contact information of a company.,ContactInformationStructure,,,,,,,
ASBIE,1,ContactPerson,ContactPerson,ContactInformationStructure,,PersonNameStructure,,,,,,ContactInformationStructure/ContactPerson,,,,,,,
BBIE,1,Telephone,Telephone,ContactInformationStructure,,SAFshorttextType,,,zero,,,ContactInformationStructure/Telephone,,,,,,,
BBIE,1,Fax,Fax,ContactInformationStructure,,SAFshorttextType,,,zero,,,ContactInformationStructure/Fax,,,,,,,
BBIE,1,Email,Email,ContactInformationStructure,,SAFmiddle2textType,,,zero,,,ContactInformationStructure/Email,,,,,,,
ASBIE,1,Website,Website,ContactInformationStructure,,anyURI,,,zero,,,ContactInformationStructure/Website,,,,,,,
ABIE,,HeaderStructure,HeaderStructure,,,,,,,,[Common to all SAFs] Overall information about this Standard Auditfile.,HeaderStructure,,,,,,,
BBIE,1,AuditFileVersion,AuditFileVersion,HeaderStructure,,SAFcodeType,,,,,Identification of the Standard Audit File SAF-T version being used,HeaderStructure/AuditFileVersion,,,,,,,
BBIE,1,AuditFileCountry,AuditFileCountry,HeaderStructure,,ISOCountryCode,,,,,Two-letter country code according to ISO 3166-1 alpha 2 standard. Example NL for the Netherlands.,HeaderStructure/AuditFileCountry,,,,,,,
BBIE,1,AuditFileRegion,AuditFileRegion,HeaderStructure,,SAFcodeType,,,zero,,Country specific code to indicate regions / provinces within the tax authority. Preferably described according to ISO 3166-2. Example: GB-KEN for Kent county in the United Kingdom.,HeaderStructure/AuditFileRegion,,,,,,,
BBIE,1,AuditFileDateCreated,AuditFileDateCreated,HeaderStructure,,date,,,,,Date of production of SAF-T,HeaderStructure/AuditFileDateCreated,,,,,,,
BBIE,1,SoftwareCompanyName,SoftwareCompanyName,HeaderStructure,,SAFmiddle2textType,,,,,Name of the software company whose product created the SAF-T.,HeaderStructure/SoftwareCompanyName,,,,,,,
BBIE,1,SoftwareID,SoftwareID,HeaderStructure,,SAFlongtextType,,,,,Name of the Software that generated the SAF-T.,HeaderStructure/SoftwareID,,,,,,,
BBIE,1,SoftwareVersion,SoftwareVersion,HeaderStructure,,SAFshorttextType,,,,,Version of the software that created the SAF-T.,HeaderStructure/SoftwareVersion,,,,,,,
ASBIE,1,Company,Company,HeaderStructure,,CompanyHeaderStructure,,,,,Company's name and address details.,HeaderStructure/Company,,,,,,,
BBIE,1,DefaultCurrencyCode,DefaultCurrencyCode,HeaderStructure,,ISOCurrencyCode,,,,,Three letter Currency Code  (ISO 4217) of local currency which is the default for the SAF.,HeaderStructure/DefaultCurrencyCode,,,,,,,
ASBIE,1,SelectionCriteria,SelectionCriteria,HeaderStructure,,SelectionCriteriaStructure,,,zero,,Criteria set by the user to populate the audit files,HeaderStructure/SelectionCriteria,,,,,,,
BBIE,1,HeaderComment,HeaderComment,HeaderStructure,,SAFlongtextType,,,zero,,Space for any further generic comments on the SAF-T. Revenue Bodies should consider what information they would expect to see here.,HeaderStructure/HeaderComment,,,,,,,
ABIE,,PersonNameStructure,PersonNameStructure,,,,,,,,[Common to all SAFs] All information about the name of a natural person.,PersonNameStructure,,,,,,,
BBIE,1,Title,Title,PersonNameStructure,,SAFcodeType,,,zero,,,PersonNameStructure/Title,,,,,,,
BBIE,1,FirstName,FirstName,PersonNameStructure,,SAFmiddle1textType,,,,,,PersonNameStructure/FirstName,,,,,,,
BBIE,1,Initials,Initials,PersonNameStructure,,SAFshorttextType,,,zero,,,PersonNameStructure/Initials,,,,,,,
BBIE,1,LastNamePrefix,LastNamePrefix,PersonNameStructure,,SAFshorttextType,,,zero,,"A textual expression of a prefix that precedes this person's family name such as Van, Von.",PersonNameStructure/LastNamePrefix,,,,,,,
BBIE,1,LastName,LastName,PersonNameStructure,,SAFmiddle2textType,,,,,,PersonNameStructure/LastName,,,,,,,
BBIE,1,BirthName,BirthName,PersonNameStructure,,SAFmiddle2textType,,,zero,,,PersonNameStructure/BirthName,,,,,,,
BBIE,1,Salutation,Salutation,PersonNameStructure,,SAFshorttextType,,,zero,,"A formal sign or expression of greeting, expressed as text, that is appropriate for this person such as Right Honourable, Monsignor or Madam.",PersonNameStructure/Salutation,,,,,,,
BBIE,1,OtherTitles,OtherTitles,PersonNameStructure,,SAFshorttextType,,,zero,unbounded,,PersonNameStructure/OtherTitles,,,,,,,
ABIE,,SelectionCriteriaStructure,SelectionCriteriaStructure,,,,,,zero,,[Common to all SAFs] The selection criteria used to generate this Standard Auditfile,SelectionCriteriaStructure,,,,,,,
BBIE,1,TaxReportingJurisdiction,TaxReportingJurisdiction,SelectionCriteriaStructure,,SAFmiddle1textType,,,zero,,Identifies the tax jurisdiction for whose purpose the SAF has been created. Principally for use where a single Revenue body covers more than one territory.,SelectionCriteriaStructure/TaxReportingJurisdiction,,,,,,,
BBIE,1,CompanyEntity,CompanyEntity,SelectionCriteriaStructure,,SAFmiddle2textType,,,zero,,For use where data has been extracted from the full data set by reference to a specific corporate entity.,SelectionCriteriaStructure/CompanyEntity,,,,,,,
ASBIE,1,choice,SelectionStartDate/SelectionEndDate/PeriodStart/PeriodStartYear/PeriodEnd/PeriodEndYear,SelectionCriteriaStructure,,,,,,,"Allows for a choice between selection on calendar dates and periods according to the accounting system, e.g. 1 to 12 for a 12-months accounting system.",SelectionCriteriaStructure/choice,,,,,,,
BBIE,1,SelectionStartDate,SelectionStartDate,SelectionCriteriaStructure,,date,,,,,The start date for the reporting period covered by the SAF.,SelectionCriteriaStructure/SelectionStartDate,,,,,,,
BBIE,1,SelectionEndDate,SelectionEndDate,SelectionCriteriaStructure,,date,,,,,The end date for the reporting period covered by the SAF.,SelectionCriteriaStructure/SelectionEndDate,,,,,,,
ASBIE,1,PeriodStart,PeriodStart,SelectionCriteriaStructure,,nonNegativeInteger,,,,,The first Accounting Period covered by the SAF.,SelectionCriteriaStructure/PeriodStart,,,,,,,
ASBIE,1,PeriodStartYear,PeriodStartYear,SelectionCriteriaStructure,nonNegativeInteger,,,,,,The Accounting Year in which the PeriodStart falls.,SelectionCriteriaStructure/PeriodStartYear,,,,,,,
ASBIE,1,PeriodEnd,PeriodEnd,SelectionCriteriaStructure,,nonNegativeInteger,,,,,The last Accounting Period covered by the SAF.,SelectionCriteriaStructure/PeriodEnd,,,,,,,
ASBIE,1,PeriodEndYear,PeriodEndYear,SelectionCriteriaStructure,nonNegativeInteger,,,,,,The Accounting Year in which the PeriodEnd falls.,SelectionCriteriaStructure/PeriodEndYear,,,,,,,
BBIE,1,DocumentType,DocumentType,SelectionCriteriaStructure,,SAFlongtextType,,,zero,,Type of documents selected. For use where the data has been restricted by reference to particular transaction types.,SelectionCriteriaStructure/DocumentType,,,,,,,
BBIE,1,OtherCriteria,OtherCriteria,SelectionCriteriaStructure,,SAFlongtextType,,,zero,unbounded,Any other criteria used in selecting data. Individual Revenue Bodies may wish to draw up a list of other acceptable selection criteria for use within their jurisdiction.,SelectionCriteriaStructure/OtherCriteria,,,,,,,
ABIE,,TaxIDStructure,TaxIDStructure,,,,,,,,[Common to all SAFs] Tax information of a company.,TaxIDStructure,,,,,,,
BBIE,1,TaxRegistrationNumber,TaxRegistrationNumber,TaxIDStructure,,SAFmiddle1textType,,,,,Unique number issued by a Revenue Body for use by the company.,TaxIDStructure/TaxRegistrationNumber,,,,,,,
BBIE,1,TaxType,TaxType,TaxIDStructure,,SAFcodeType,,,zero,,For use where information reported in the SAF-T covers more than one type of tax regime: to identify the type of tax regime to which this entry relates.,TaxIDStructure/TaxType,,,,,,,
BBIE,1,TaxNumber,TaxNumber,TaxIDStructure,,SAFmiddle1textType,,,zero,,"The tax registration number for the particular tax regime referred to by TaxType, f.i. VAT-number",TaxIDStructure/TaxNumber,,,,,,,
BBIE,1,TaxAuthority,TaxAuthority,TaxIDStructure,,SAFmiddle1textType,,,zero,,Identification of the Revenue Body to which this TaxType refers.,TaxIDStructure/TaxAuthority,,,,,,,
BBIE,1,TaxVerificationDate,TaxVerificationDate,TaxIDStructure,,date,,,zero,,The date that the tax registration details referred to above were last checked.,TaxIDStructure/TaxVerificationDate,,,,,,,
ABIE,,TaxInformationStructure,TaxInformationStructure,,,,,,,, Tax Amount information structure,TaxInformationStructure,,,,,,,
BBIE,1,TaxType,TaxType,TaxInformationStructure,,SAFcodeType,,,zero,,Tax type for look-up in tables,TaxInformationStructure/TaxType,,,,,,,
BBIE,1,TaxCode,TaxCode,TaxInformationStructure,,SAFcodeType,,,zero,,Tax Code for lookup in tables,TaxInformationStructure/TaxCode,,,,,,,
BBIE,1,TaxPercentage,TaxPercentage,TaxInformationStructure,,decimal,,,zero,,Tax percentage.,TaxInformationStructure/TaxPercentage,,,,,,,
BBIE,1,TaxBase,TaxBase,TaxInformationStructure,,decimal,,,zero,,"The base on which the tax is calculated. This can be an amount, or a quantity, eg. Litres.",TaxInformationStructure/TaxBase,,,,,,,
BBIE,1,TaxBaseDescription,TaxBaseDescription,TaxInformationStructure,,SAFmiddle2textType,,,zero,,Description of the value in the TaxBase. Eg. Litres for excises on alcoholic bevarages.,TaxInformationStructure/TaxBaseDescription,,,,,,,
ASBIE,1,TaxAmount,TaxAmount,TaxInformationStructure,,AmountStructure,,,,,Tax amount information,TaxInformationStructure/TaxAmount,,,,,,,
BBIE,1,TaxExemptionReason,TaxExemptionReason,TaxInformationStructure,,SAFmiddle2textType,,,zero,,Tax exemption or reduction reason or rationale,TaxInformationStructure/TaxExemptionReason,,,,,,,
BBIE,1,TaxDeclarationPeriod,TaxDeclarationPeriod,TaxInformationStructure,,SAFmiddle1textType,,,zero,,The identification of the declaration/return in which the taxamount is reported to the Revenue body.,TaxInformationStructure/TaxDeclarationPeriod,,,,,,,
ABIE,,SAFmonetaryType,SAFmonetaryType,,decimal,,,,,,"Monetary amount.18 digits max, of which 2 can be fractional digits.",SAFmonetaryType,,,,,,,
ABIE,,SAFexchangerateType,SAFexchangerateType,,decimal,,,,,,"18 digits max, of which 8 can be fractional digits.",SAFexchangerateType,,,,,,,
ABIE,,SAFquantityType,SAFquantityType,,decimal,,,,,,"Used to describe a quantity. Monetary amount. 22 digits max, of which 6 can be fractional digits.",SAFquantityType,,,,,,,
ABIE,,SAFweightType,SAFweightType,,decimal,,,,,,"Describes a weight. Monetary amount.14 digits max, of which 3 can be fractional digits.",SAFweightType,,,,,,,
ABIE,,SAFcodeType,SAFcodeType,,string,,,,,,Text of max 9 characters.,SAFcodeType,,,,,,,
ABIE,,SAFshorttextType,SAFshorttextType,,string,,,,,,18 character text.,SAFshorttextType,,,,,,,
ABIE,,SAFmiddle1textType,SAFmiddle1textType,,string,,,,,,35 character text.,SAFmiddle1textType,,,,,,,
ABIE,,SAFmiddle2textType,SAFmiddle2textType,,string,,,,,,70 character text.,SAFmiddle2textType,,,,,,,
ABIE,,SAFlongtextType,SAFlongtextType,,string,,,,,,256 character text.,SAFlongtextType,,,,,,,
ABIE,,ISOCountryCode,ISOCountryCode,,string,,,,,,Two-letter country code according to ISO 3166-1 alpha 2 standard. Example: NL for the Netherlands.,ISOCountryCode,,,,,,,
ABIE,,ISOCurrencyCode,ISOCurrencyCode,,string,,,,,,Three-letter currency code according to ISO 4217 standard. Example: EUR for the Euros or USD for American Dollars.,ISOCurrencyCode,,,,,,,
