seq,Module,ObjectClassTermQualifier,ObjectClassTerm,kind,no,name,Card,PropertyTermQualifier,PropertyTerm,DatatypeQualifier,RepresentationTerm,AssciatedObjectClassTermQualifier,AssociatedObjectClass,ReferencedObjectClassTermQualifier,ReferencedObjectClass,Type,Description
1001,SAF-T,,AuditFile,ABIE,0,AuditFile,1..1,,Details,,,,,,,,OECD Standard Audit File: Standard Audit File - Taxation version 2.00 (Final version) OECD author TeA team last modified 17-09-2009
1002,SAF-T,,AuditFile,ASBIE,1,Header,1..1,,Associated,,,,_Header,,,,Holds general information about the file including the name of the software which produced it; the company on whose behalf the SAF-T is being submitted; and the selection criteria used. An extension point is provided to allow individual Revenue Bodies to  specify further relevant information to be supplied.
1003,SAF-T,,AuditFile,ASBIE,2,MasterFiles,0..1,,Associated,,,,_MasterFiles,,,,"Holds standing data about general ledger account, suppliers, customers, products, etc.. An extension point is provided to allow Revenue Bodies to specify additional elements or structures such as tax rate tables."
1004,SAF-T,,AuditFile,ASBIE,3,GeneralLedgerEntries,0..1,,Associated,,,,_GeneralLedgerEntries,,,,
1005,SAF-T,,AuditFile,ASBIE,4,SourceDocuments,0..1,,Associated,,,,_SourceDocuments,,,,
1006,SAF-T,,_Header,ABIE,1,Header,1..1,,Details,,,,,,,,Holds general information about the file including the name of the software which produced it; the company on whose behalf the SAF-T is being submitted; and the selection criteria used. An extension point is provided to allow individual Revenue Bodies to  specify further relevant information to be supplied.
1007,SAF-T,,_Header,ASBIE,1,Header,1..1,,Associated,,,,Header,,,,Holds general information about the file including the name of the software which produced it; the company on whose behalf the SAF-T is being submitted; and the selection criteria used. An extension point is provided to allow individual Revenue Bodies to  specify further relevant information to be supplied.
1008,SAF-T,,_MasterFiles,ABIE,0,MasterFiles,0..1,,Details,,,,,,,,"Holds standing data about general ledger account, suppliers, customers, products, etc.. An extension point is provided to allow Revenue Bodies to specify additional elements or structures such as tax rate tables."
1009,SAF-T,,_MasterFiles,ASBIE,1,GeneralLedgerAccounts,0..1,,Associated,,,,GeneralLedgerAccounts,,,,
1010,SAF-T,,_MasterFiles,ASBIE,2,Taxonomies,0..1,,Associated,,,,Taxonomies,,,,
1011,SAF-T,,_MasterFiles,ASBIE,3,Customers,0..1,,Associated,,,,Customers,,,,
1012,SAF-T,,_MasterFiles,ASBIE,4,Suppliers,0..1,,Associated,,,,Suppliers,,,,
1013,SAF-T,,_MasterFiles,ASBIE,5,TaxTable,0..1,,Associated,,,,TaxTable,,,,
1014,SAF-T,,_MasterFiles,ASBIE,6,UOMTable,0..1,,Associated,,,,UOMTable,,,,Table with descriptions of all different kinds of UOM's
1015,SAF-T,,_MasterFiles,ASBIE,7,AnalysisTypeTable,0..1,,Associated,,,,AnalysisTypeTable,,,,"Table with the analysiscode identifiers.\nsed for further specification of transaction data.\nxample: cost unit, cost center, project."
1016,SAF-T,,_MasterFiles,ASBIE,8,MovementTypeTable,0..1,,Associated,,,,MovementTypeTable,,,,Table with descriptions of all different kinds of movementtypes and movementsubtypes
1017,SAF-T,,_MasterFiles,ASBIE,9,Products,0..1,,Associated,,,,Products,,,,
1018,SAF-T,,_MasterFiles,ASBIE,10,PhysicalStock,0..1,,Associated,,,,PhysicalStock,,,,
1019,SAF-T,,_MasterFiles,ASBIE,11,Owners,0..1,,Associated,,,,Owners,,,,
1020,SAF-T,,_MasterFiles,ASBIE,12,Assets,0..1,,Associated,,,,Assets,,,,
1021,SAF-T,,_MasterFiles,ASBIE,13,any##other,0..1,,Associated,,,,any##other,,,Represents space to allow individual Revenue Bodies to specify additional standing data.,Represents space to allow individual Revenue Bodies to specify additional standing data.
1022,SAF-T,,_GeneralLedgerEntries,ABIE,3,GeneralLedgerEntries,0..1,,Details,,,,,,,,
1023,SAF-T,,_GeneralLedgerEntries,ASBIE,3,GeneralLedgerEntries,0..1,,Associated,,,,GeneralLedgerEntries,,,,
1024,SAF-T,,_SourceDocuments,ABIE,0,SourceDocuments,0..1,,Details,,,,,,,,"Holds Sales Invoices, Purchase Invoices, Payments, Movement Of Goods, and Asset Transactions"
1025,SAF-T,,_SourceDocuments,ASBIE,1,SalesInvoices,0..1,,Associated,,,,SalesInvoices,,,,
1026,SAF-T,,_SourceDocuments,ASBIE,2,PurchaseInvoices,0..1,,Associated,,,,PurchaseInvoices,,,,
1027,SAF-T,,_SourceDocuments,ASBIE,3,Payments,0..1,,Associated,,,,Payments,,,,
1028,SAF-T,,_SourceDocuments,ASBIE,4,MovementOfGoods,0..1,,Associated,,,,MovementOfGoods,,,,
1029,SAF-T,,_SourceDocuments,ASBIE,5,AssetTransactions,0..1,,Associated,,,,AssetTransactions,,,,Details of all transactions related to an asset during the Selectionperiod.
1030,Header,,Header,ABIE,0,Header,1..1,,Details,,,,,,,,Holds general information about the file including the name of the software which produced it; the company on whose behalf the SAF-T is being submitted; and the selection criteria used. An extension point is provided to allow individual Revenue Bodies to  specify further relevant information to be supplied.
1031,Header,,Header,ASBIE,1,HeaderStructure,1..1,,Associated,,,,HeaderStructure,,,,
1032,Header,,Header,BBIE,2,TaxAccountingBasis,1..1,,TaxAccountingBasis,,Code,,,,,SAFshorttextType,"Invoice Accounting, Cash Accounting, Delivery, other ..."
1033,Header,,Header,BBIE,3,TaxEntity,0..1,,TaxEntity,,Text,,,,,SAFmiddle2textType,Company / Division / Branch reference
1034,Header,,Header,BBIE,4,any##other,0..1,,any,,any,,,,,Represents space to allow individual Revenue Bodies to add further elements if required. See Annex A.,Represents space to allow individual Revenue Bodies to add further elements if required. See Annex A.
1035,Master Files,,GeneralLedgerAccounts,ABIE,0,GeneralLedgerAccounts,0..1,,Details,,,,,,,,
1036,Master Files,,GeneralLedgerAccounts,ASBIE,1,Account,1..*,,Associated,,,,GeneralLedgerAccount,,,,
1037,Master Files,,GeneralLedgerAccount,ABIE,0,Account,1..*,,Details,,,,,,,,
1038,Master Files,,GeneralLedgerAccount,IDBIE,1,AccountID,1..1,,AccountID,,Identifier,,,,,SAFmiddle2textType,"General Ledger Account code. Can be including sub-account id. It can contain many different levels to identify the Account. It could include cost centres such as company, division, region, group and branch/department."
1039,Master Files,,GeneralLedgerAccount,BBIE,2,AccountDescription,1..1,,AccountDescription,,Text,,,,,SAFlongtextType,Name of individual GL account
1040,Master Files,,GeneralLedgerAccount,BBIE,3,StandardAccountID,0..1,,StandardAccountID,,Text,,,,,SAFmiddle1textType,AccountID based on a standard prescribed by authorities.
1041,Master Files,,GeneralLedgerAccount,BBIE,4,GroupingCategory,0..1,,GroupingCategory,,Text,,,,,SAFmiddle1textType,"Category for grouping the accounts, relevant in reconciling financial statements f.i."
1042,Master Files,,GeneralLedgerAccount,BBIE,5,GroupingCode,0..1,,GroupingCode,,Text,,,,,SAFmiddle1textType,"Subcode for grouping the accounts, relevant in reconciling financial statements f.i."
1043,Master Files,,GeneralLedgerAccount,BBIE,6,AccountType,1..1,,AccountType,,Code,,,,,SAFshorttextType,Type of account  - Asset/Liability/Sale/Expense
1044,Master Files,,GeneralLedgerAccount,BBIE,7,AccountCreationDate,0..1,,AccountCreationDate,,Date,,,,,date,Date of creating the generalledger account
1045,Master Files,,GeneralLedgerAccount,ASBIE,8,choice:OpeningDebitBalance/ClosingDebitBalance,1..1,,Associated,,,,choice:OpeningDebitBalance/ClosingDebitBalance,,,,
1046,Master Files,,GeneralLedgerAccount,ASBIE,9,choice:ClosingDebitBalance/ClosingCreditBalance,1..1,,Associated,,,,choice:ClosingDebitBalance/ClosingCreditBalance,,,,
1047,Master Files,,GeneralLedgerAccount,BBIE,10,any##other,0..1,,any,,any,,,,,Represents space to allow individual Revenue Bodies to add further elements,Represents space to allow individual Revenue Bodies to add further elements
1048,Master Files,,choice:OpeningDebitBalance/ClosingDebitBalance,ABIE,0,choice:OpeningDebitBalance/ClosingDebitBalance,1..1,,Details,,,,,,,,
1049,Master Files,,choice:OpeningDebitBalance/ClosingDebitBalance,BBIE,1,OpeningDebitBalance,1..1,,OpeningDebitBalance,,Monetary,,,,,SAFmonetaryType,Debit balance at the start date of the selection period in the header's default currency.
1050,Master Files,,choice:OpeningDebitBalance/ClosingDebitBalance,BBIE,2,OpeningCreditBalance,1..1,,OpeningCreditBalance,,Monetary,,,,,SAFmonetaryType,Credit balance at the start date of the selection period in the header's default currency.
1051,Master Files,,choice:ClosingDebitBalance/ClosingCreditBalance,ABIE,0,choice:ClosingDebitBalance/ClosingCreditBalance,1..1,,Details,,,,,,,,
1052,Master Files,,choice:ClosingDebitBalance/ClosingCreditBalance,BBIE,1,ClosingDebitBalance,1..1,,ClosingDebitBalance,,Monetary,,,,,SAFmonetaryType,Debit balance at the end date of the selection period in the header's default currency.
1053,Master Files,,choice:ClosingDebitBalance/ClosingCreditBalance,BBIE,2,ClosingCreditBalance,1..1,,ClosingCreditBalance,,Monetary,,,,,SAFmonetaryType,Credit balance at the end date of the selection period in the header's default currency.
1054,Master Files,,Taxonomies,ABIE,0,Taxonomies,0..1,,Details,,,,,,,,
1055,Master Files,,Taxonomies,ASBIE,1,Taxonomy,1..*,,Associated,,,,Taxonomy,,,,
1056,Master Files,,Taxonomy,ABIE,0,Taxonomy,1..*,,Details,,,,,,,,
1057,Master Files,,Taxonomy,BBIE,1,TaxonomyReference,1..1,,TaxonomyReference,,Text,,,,,SAFlongtextType,Reference to the taxonomy that applies to the GL Account.
1058,Master Files,,Taxonomy,ASBIE,2,TaxonomyElement,0..*,,Associated,,,,TaxonomyElement,,,,
1059,Master Files,,TaxonomyElement,ABIE,0,TaxonomyElement,0..*,,Details,,,,,,,,
1060,Master Files,,TaxonomyElement,BBIE,1,TaxonomyCode,1..1,,TaxonomyCode,,Text,,,,,SAFlongtextType,Reference to specific taxonomy element
1061,Master Files,,TaxonomyElement,BBIE,2,TaxonomyClusterID,0..1,,TaxonomyClusterID,,Text,,,,,SAFlongtextType,Additional reference to specific taxonomy element
1062,Master Files,,TaxonomyElement,BBIE,3,TaxonomyClusterContextID,0..1,,TaxonomyClusterContextID,,Text,,,,,SAFlongtextType,
1063,Master Files,,TaxonomyElement,IDBIE,4,AccountID,1..1,,AccountID,,Identifier,,,,GeneralLedgerAccounts. AccountID. Identifier,SAFmiddle2textType,"General Ledger Account code for this TaxanomyReference/TaxonomyCode. Can be including sub-account id. It can contain many different levels to identify the Account. It could include cost centres such as company, division, region, group and branch/department."
1064,Master Files,,Customers,ABIE,0,Customers,0..1,,Details,,,,,,,,
1065,Master Files,,Customers,ASBIE,1,Customer,1..*,,Associated,,,,Customer,,,,
1066,Master Files,,Customer,ABIE,0,Customer,1..*,,Details,,,,,,,,
1067,Master Files,,Customer,ASBIE,1,CompanyStructure,1..1,,Associated,,,,CompanyStructure,,,,
1068,Master Files,,Customer,IDBIE,2,CustomerID,0..1,,CustomerID,,Identifier,,,,,SAFmiddle1textType,Unique code for the customer
1069,Master Files,,Customer,BBIE,3,SelfBillingIndicator,0..1,,SelfBillingIndicator,,Code,,,,,SAFcodeType,Indicator showing if a self-billing agreement exists between the customer and the supplier
1070,Master Files,,Customer,RFBIE,4,AccountID,0..1,,Referenced,,Text,,,,GeneralLedgerAccounts,SAFmiddle2textType,"General Ledger Account code for this customer. Can be including sub-account id. It can contain many different levels to identify the Account. It could include cost centres such as company, division, region, group and branch/department."
1071,Master Files,,Customer,ASBIE,5,choice:OpeningDebitBalance/OpeningCreditBalance,1..1,,Associated,,,,choice:OpeningDebitBalance/OpeningCreditBalance,,,,
1072,Master Files,,Customer,ASBIE,6,choice:ClosingDebitBalance/ClosingCreditBalance,1..1,,Associated,,,,choice:ClosingDebitBalance/ClosingCreditBalance,,,,
1073,Source Documents,,Customer,BBIE,7,any##other,0..1,,any,,any,,,,,Represents space to allow individual Revenue Bodies to add further elements,Represents space to allow individual Revenue Bodies to add further elements
1074,Master Files,,Suppliers,ABIE,0,Suppliers,0..1,,Details,,,,,,,,
1075,Master Files,,Suppliers,ASBIE,1,Supplier,0..*,,Associated,,,,Supplier,,,,
1076,Master Files,,Supplier,ABIE,0,Supplier,0..*,,Details,,,,,,,,
1077,Master Files,,Supplier,ASBIE,1,CompanyStructure,1..1,,Associated,,,,CompanyStructure,,,,
1078,Master Files,,Supplier,IDBIE,2,SupplierID,0..1,,SupplierID,,Identifier,,,,,SAFmiddle1textType,Unique code for the supplier
1079,Master Files,,Supplier,BBIE,3,SelfBillingIndicator,0..1,,SelfBillingIndicator,,Code,,,,,SAFcodeType,Indicator showing if a self-billing agreement exists between the customer and the supplier
1080,Master Files,,Supplier,RFBIE,4,AccountID,0..1,,Referenced,,Text,,,,GeneralLedgerAccounts,SAFmiddle2textType,"General Ledger Account code for this supplier. Can be including sub-account id. It can contain many different levels to identify the Account. It could include cost centres such as company, division, region, group and branch/department."
1081,Master Files,,Supplier,ASBIE,5,choice:OpeningDebitBalance/OpeningCreditBalance,1..1,,Associated,,,,choice:OpeningDebitBalance/OpeningCreditBalance,,,,
1082,Master Files,,Supplier,ASBIE,6,choice:ClosingDebitBalance/ClosingCreditBalance,1..1,,Associated,,,,choice:ClosingDebitBalance/ClosingCreditBalance,,,,
1083,Source Documents,,Supplier,BBIE,7,any##other,0..1,,any,,any,,,,,Represents space to allow individual Revenue Bodies to add further elements,Represents space to allow individual Revenue Bodies to add further elements
1084,Master Files,,TaxTable,ABIE,0,TaxTable,0..1,,Details,,,,,,,,
1085,Master Files,,TaxTable,ASBIE,1,TaxTableEntry,1..*,,Associated,,,,TaxTableEntry,,,,
1086,Master Files,,TaxTableEntry,ABIE,0,TaxTableEntry,1..*,,Details,,,,,,,,
1087,Master Files,,TaxTableEntry,IDBIE,1,TaxType,1..1,,TaxType,,Identifier,,,,,SAFcodeType,Tax type for look-up in tables
1088,Master Files,,TaxTableEntry,BBIE,2,Description,1..1,,Description,,Text,,,,,SAFlongtextType,Description of the Tax Type
1089,Master Files,,TaxTableEntry,ASBIE,3,TaxCodeDetails,1..*,,Associated,,,,TaxCodeDetails,,,,
1090,Master Files,,TaxCodeDetails,ABIE,0,TaxCodeDetails,1..*,,Details,,,,,,,,
1091,Master Files,,TaxCodeDetails,BBIE,1,TaxCode,1..1,,TaxCode,,Code,,,,,SAFcodeType,Tax Code for lookup in tables
1092,Master Files,,TaxCodeDetails,BBIE,2,EffectiveDate,0..1,,EffectiveDate,,Date,,,,,date,Representing the starting date for this entry
1093,Master Files,,TaxCodeDetails,BBIE,3,ExpirationDate,0..1,,ExpirationDate,,Date,,,,,date,Representing the ending date for this entry
1094,Master Files,,TaxCodeDetails,BBIE,4,Description,0..1,,Description,,Text,,,,,SAFlongtextType,Description of the Tax Code
1095,Master Files,,TaxCodeDetails,ASBIE,5,choice:TaxPercentage/FlatTaxRate,1..1,,Associated,,,,choice:TaxPercentage/FlatTaxRate,,,,
1096,Master Files,,TaxCodeDetails,BBIE,6,Country,0..1,,Country,,Code,,,,,SAFcodeType,Country specific code to indicate regions / provinces within the tax authority. Preferably described according to ISO 3166-2. Example: GB-KEN for Kent county in the United Kingdom.
1097,Master Files,,choice:TaxPercentage/FlatTaxRate,ABIE,0,choice TaxPercentage/FlatTaxRate,1..1,,Details,,,,,,,,
1098,Master Files,,choice:TaxPercentage/FlatTaxRate,BBIE,1,TaxPercentage,1..1,,TaxPercentage,,Percentage,,,,,decimal,Tax percentage.
1099,Master Files,,choice:TaxPercentage/FlatTaxRate,ASBIE,2,FlatTaxRate,1..1,,Associated,,,,FlatTaxRate,,,AmountStructure,FlatTaxRate
1100,Master Files,,UOMTable,ABIE,0,UOMTable,0..1,,Details,,,,,,,,Table with descriptions of all different kinds of UOM's
1101,Master Files,,UOMTable,ASBIE,1,UOMTableEntry,1..*,,Associated,,,,UOMTableEntry,,,,
1102,Master Files,,UOMTableEntry,ABIE,0,UOMTableEntry,1..*,,Details,,,,,,,,
1103,Master Files,,UOMTableEntry,IDBIE,1,UnitOfMeasure,1..1,,UnitOfMeasure,,Identifier,,,,,SAFcodeType,Quantity unit of measure e.g. pack of 12
1104,Master Files,,UOMTableEntry,BBIE,2,Description,1..1,,Description,,Text,,,,,SAFlongtextType,Description of the UOM
1105,Master Files,,AnalysisTypeTable,ABIE,0,AnalysisTypeTable,0..1,,Details,,,,,,,,"Table with the analysiscode identifiers.\nsed for further specification of transaction data.\nxample: cost unit, cost center, project."
1106,Master Files,,AnalysisTypeTable,ASBIE,1,AnalysisTypeTableEntry,1..*,,Associated,,,,AnalysisTypeTableEntry,,,,
1107,Master Files,,AnalysisTypeTableEntry,ABIE,0,AnalysisTypeTableEntry,1..*,,Details,,,,,,,,
1108,Master Files,,AnalysisTypeTableEntry,IDBIE,1,AnalysisType,1..1,,AnalysisType,,Identifier,,,,,SAFcodeType,"Analysis type identifier: e.g. CC (for Cost Center), DEP (for department), etc."
1109,Master Files,,AnalysisTypeTableEntry,BBIE,2,AnalysisTypeDescription,1..1,,AnalysisTypeDescription,,Text,,,,,SAFlongtextType,"Description of the AnalysisType, e.g. ""Cost Center"""
1110,Master Files,,AnalysisTypeTableEntry,IDBIE,3,AnalysisID,1..1,,AnalysisID,,Identifier,,,,,SAFmiddle1textType,"Analysis ID: e.g. 1200-HDOF-TR (for cost center treasury in the headoffice), P-4800-123 (for project 123 in branch 4800)"
1111,Master Files,,AnalysisTypeTableEntry,BBIE,4,AnalysisIDDescription,1..1,,AnalysisIDDescription,,Text,,,,,SAFlongtextType,"Description of the AnalysisID: e.g. ""Headoffice-Treasury""."
1112,Master Files,,MovementTypeTable,ABIE,0,MovementTypeTable,0..1,,Details,,,,,,,,Table with descriptions of all different kinds of movementtypes and movementsubtypes
1113,Master Files,,MovementTypeTable,ASBIE,1,MovementTypeTableEntry,1..*,,Associated,,,,MovementTypeTableEntry,,,,
1114,Master Files,,MovementTypeTableEntry,ABIE,0,MovementTypeTableEntry,1..*,,Details,,,,,,,,
1115,Master Files,,MovementTypeTableEntry,IDBIE,1,MovementType,1..1,,MovementType,,Identifier,,,,,SAFcodeType,"Identify kind of movement or movement line. E.g. sale, purchase, adjustment, etc.  Or  efficiencyloss, use of components in production, etc. Predescribed TABLE is possible."
1116,Master Files,,MovementTypeTableEntry,BBIE,2,Description,1..1,,Description,,Text,,,,,SAFlongtextType,Description of the movement(sub)type
1117,Master Files,,Products,ABIE,0,Products,0..1,,Details,,,,,,,,
1118,Master Files,,Products,ASBIE,1,Product,1..*,,Associated,,,,Product,,,,
1119,Master Files,,Product,ABIE,0,Product,1..*,,Details,,,,,,,,
1120,Master Files,,Product,IDBIE,1,ProductCode,1..1,,ProductCode,,Identifier,,,,,SAFmiddle2textType,Product code
1121,Master Files,,Product,BBIE,2,GoodsServicesID,0..1,,GoodsServicesID,,Code,,,,,SAFcodeType,Indicator showing if goods or services (Predescribed TABLE is possible)
1122,Master Files,,Product,BBIE,3,ProductGroup,0..1,,ProductGroup,,Text,,,,,SAFmiddle2textType,Code identifying aggregated level at which similar products are grouped
1123,Master Files,,Product,BBIE,4,Description,1..1,,Description,,Text,,,,,SAFlongtextType,Description of goods or services.
1124,Master Files,,Product,BBIE,5,ProductCommodityCode,0..1,,ProductCommodityCode,,Text,,,,,SAFmiddle1textType,Classification for import / export
1125,Master Files,,Product,BBIE,6,ProductNumberCode,0..1,,ProductNumberCode,,Text,,,,,SAFmiddle2textType,EAN or other code
1126,Master Files,,Product,BBIE,7,ValuationMethod,0..1,,ValuationMethod,,Code,,,,,SAFcodeType,"FIFO, LIFO, Average cost etc."
1127,Master Files,,Product,RFBIE,8,UOMBase,1..1,,Referenced,,Code,,,,UOMTableEntry,SAFcodeType,Unit of measure for Stock Administration for this product Predescribed TABLE is possible.
1128,Master Files,,Product,ASBIE,9,sequence:UOM,0..1,,Associated,,,,sequence:UOM,,,,Not needed when not applicable
1129,Master Files,,Product,ASBIE,10,Tax,0..*,,Associated,,,,Tax,,,,
1130,Master Files,,Product,BBIE,11,any##other,0..1,,any,,any,,,,,Represents space to allow individual Revenue Bodies to add further elements,Represents space to allow individual Revenue Bodies to add further elements
1131,Master Files,,sequence:UOM,ABIE,0,sequence:UOM,0..1,,Details,,,,,,,,Not needed when not applicable
1132,Master Files,,sequence:UOM,BBIE,1,UOMStandard,1..1,,UOMStandard,,Code,,,,,SAFcodeType,"A Standard Unit of Measure applicable for this product, f.i. Kilo, Metres, Litres (Predescribed TABLE is possible)"
1133,Master Files,,sequence:UOM,BBIE,2,UOMToUOMBaseConversionFactor,1..1,,UOMToUOMBaseConversionFactor,,Numeric,,,,,decimal,Conversion factor of the UOM to UOM Base
1134,Master Files,,Tax,ABIE,0,Tax,0..*,,Details,,,,,,,,
1135,Master Files,,Tax,ASBIE,1,sequence:Tax,0..1,,Associated,,,,sequence:Tax,,,,
1136,Master Files,,sequence:Tax,ABIE,0,sequence:Tax,0..1,,Details,,,,,,,,
1137,Master Files,,sequence:Tax,BBIE,1,TaxType,1..1,,TaxType,,Code,,,,,SAFcodeType,Tax Type for lookup in tables
1138,Master Files,,PhysicalStock,ABIE,0,PhysicalStock,0..1,,Details,,,,,,,,
1139,Master Files,,PhysicalStock,ASBIE,1,PhysicalStockEntry,1..*,,Associated,,,,PhysicalStockEntry,,,,
1140,Master Files,,PhysicalStockEntry,ABIE,0,PhysicalStockEntry,1..*,,Details,,,,,,,,
1141,Master Files,,PhysicalStockEntry,BBIE,1,WarehouseID,0..1,,WarehouseID,,Text,,,,,SAFmiddle1textType,"Warehouse where goods held - possoble also to identify work-in-progress, or stock-in-transit"
1142,Master Files,,PhysicalStockEntry,BBIE,2,LocationID,0..1,,LocationID,,Code,,,,,SAFshorttextType,Location of goods in warehouse
1143,Master Files,,PhysicalStockEntry,RFBIE,3,ProductCode,1..1,,Referenced,,Text,,,,Product,SAFmiddle2textType,Product code
1144,Master Files,,PhysicalStockEntry,IDBIE,4,StockAccountNo,0..1,,StockAccountNo,,Identifier,,,,,SAFmiddle2textType,"Stock batch, lot, serial identification. Not used when there is exactly 1 PhysicalStock entry per ProductCode"
1145,Master Files,,PhysicalStockEntry,BBIE,5,ProductType,0..1,,ProductType,,Code,,,,,SAFshorttextType,"To determine whether the product/stockaccount is raw material, work-in-progress, finished good, merchandise for resale, etc."
1146,Master Files,,PhysicalStockEntry,BBIE,6,ProductStatus,0..1,,ProductStatus,,Code,,,,,SAFshorttextType,"To determine whether the product/stockaccount is discontinued, damaged, obsolete, active, etc."
1147,Master Files,,PhysicalStockEntry,BBIE,7,StockAccountCommodityCode,0..1,,StockAccountCommodityCode,,Text,,,,,SAFmiddle1textType,Classification for import / export
1148,Master Files,,PhysicalStockEntry,RFBIE,8,OwnerID,0..1,,Referenced,,Text,,,,Owner,SAFmiddle1textType,Reference to the owner Master File
1149,Master Files,,PhysicalStockEntry,ASBIE,9,sequence:PhysicalStockUOM,0..1,,Associated,,,,sequence:PhysicalStockUOM,,,,Not needed when UOMPhysicalStock equals UOMBase
1150,Master Files,,PhysicalStockEntry,BBIE,10,UnitPrice,0..1,,UnitPrice,,Monetary,,,,,SAFmonetaryType,Base Unit price for this stock account  in the header's default currency.
1151,Master Files,,PhysicalStockEntry,BBIE,11,OpeningStockQuantity,1..1,,OpeningStockQuantity,,Quantity,,,,,SAFquantityType,In UOM Physical Stock for selection period
1152,Master Files,,PhysicalStockEntry,BBIE,12,OpeningStockValue,0..1,,OpeningStockValue,,Monetary,,,,,SAFmonetaryType,In  the header's currency code for selection period
1153,Master Files,,PhysicalStockEntry,BBIE,13,ClosingStockQuantity,1..1,,ClosingStockQuantity,,Quantity,,,,,SAFquantityType,In UOM Physical Stock for selection period
1154,Master Files,,PhysicalStockEntry,BBIE,14,ClosingStockValue,0..1,,ClosingStockValue,,Monetary,,,,,SAFmonetaryType,Closing stock value  in the header's default currency for selection period
1155,Master Files,,PhysicalStockEntry,ASBIE,15,StockCharacteristics,0..1,,Associated,,,,StockCharacteristics,,,,
1156,Master Files,,PhysicalStockEntry,ASBIE,16,sequence:PhysicalStockCharacteristic,1..*,,Associated,,,,sequence:PhysicalStockCharacteristic,,,,
1157,Master Files,,PhysicalStockEntry,BBIE,17,any##other,0..1,,any,,any,,,,,Represents space to allow individual Revenue Bodies to add further elements,Represents space to allow individual Revenue Bodies to add further elements
1158,Master Files,,sequence:PhysicalStockUOM,ABIE,0,sequence:PhysicalStockUOM,0..1,,Details,,,,,,,,Not needed when UOMPhysicalStock equals UOMBase
1159,Master Files,,sequence:PhysicalStockUOM,BBIE,1,UOMPhysicalStock,1..1,,UOMPhysicalStock,,Code,,,,,SAFcodeType,Unit of Measurement for this Physical Stock position
1160,Master Files,,sequence:PhysicalStockUOM,BBIE,2,UOMToUOMBaseConversionFactor,1..1,,UOMToUOMBaseConversionFactor,,Numeric,,,,,decimal,Conversion factor of the UOM to UOM Base
1161,Master Files,,sequence:PhysicalStockCharacteristic,ABIE,0,sequence:PhysicalStockCharacteristic,0..*,,Details,,,,,,,,
1162,Master Files,,sequence:PhysicalStockCharacteristic,BBIE,1,StockCharacteristic,1..1,,StockCharacteristic,,Code,,,,,SAFshorttextType,User definable characteristics of the goods. Predescribed TABLE is possible.
1163,Master Files,,sequence:PhysicalStockCharacteristic,BBIE,1,StockCharacteristicValue,1..1,,StockCharacteristicValue,,Text,,,,,SAFmiddle1textType,"The weight, pack size, colour etc."
1164,Master Files,,Owners,ABIE,0,Owners,0..*,,Details,,,,,,,,
1165,Master Files,,Owners,ASBIE,1,Owner,1..*,,Associated,,,,Owner,,,,
1166,Master Files,,Owner,ABIE,0,Owner,1..*,,Details,,,,,,,,
1167,Master Files,,Owner,ASBIE,1,CompanyStructure,1..1,,Associated,,,,,,,,
1168,Master Files,,Owner,BBIE,2,OwnerID,0..1,,OwnerID,,Text,,,,,SAFmiddle1textType,Reference to the owner Master File
1169,Master Files,,Owner,BBIE,3,AccountID,0..1,,AccountID,,Text,,,,,SAFmiddle2textType,"General Ledger Account code for this owner. Can be including sub-account id. It can contain many different levels to identify the Account. It could include cost centres such as company, division, region, group and branch/department."
1170,Master Files,,Assets,ABIE,0,Assets,0..*,,Details,,,,,,,,
1171,Master Files,,Assets,ASBIE,1,Asset,1..*,,Associated,,,,Asset,,,,
1172,Master Files,,Asset,ABIE,0,Asset,1..*,,Details,,,,,,,,
1173,Master Files,,Asset,IDBIE,1,AssetID,1..1,,AssetID,,Identifier,,,,,SAFmiddle1textType,Unique identifier of the asset
1174,Master Files,,Asset,RFBIE,2,AccountID,1..1,,Referenced,,Text,,,,GeneralLedgerAccounts,SAFmiddle2textType,"General Ledger Account code. Can be including sub-account id. It can contain many different levels to identify the Account. It could include cost centres such as company, division, region, group and branch/department."
1175,Master Files,,Asset,BBIE,3,Description,1..1,,Description,,Text,,,,,SAFlongtextType,Description of this asset
1176,Master Files,,Asset,ASBIE,4,Supplier,0..*,,Associated,,,,Supplier,,,,"Contains the information of all suppliers, including the historical suppliers."
1177,Master Files,,Asset,BBIE,5,PurchaseOrderDate,0..1,,PurchaseOrderDate,,Date,,,,,date,Date of the purchase order of this asset
1178,Master Files,,Asset,BBIE,6,DateOfAcquisition,1..1,,DateOfAcquisition,,Date,,,,,date,Date of the acquisition of the asset (usually the date of delivery).
1179,Master Files,,Asset,BBIE,7,StartUpDate,0..1,,StartUpDate,,Date,,,,,date,Commissioning date of the asset.
1180,Master Files,,Asset,ASBIE,8,Valuations,1..1,,Associated,,,,Valuations,,,,The data can be reported for different purposes. More than one can be in this SAF.
1181,Source Documents,,Asset,BBIE,9,any##other,0..1,,any,,any,,,,,Represents space to allow individual Revenue Bodies to add further elements,Represents space to allow individual Revenue Bodies to add further elements
1182,Master Files,,Valuations,ABIE,0,Valuations,1..1,,Details,,,,,,,,The data can be reported for different purposes. More than one can be in this SAF.
1183,Master Files,,Valuations,ASBIE,1,Valuation,1..*,,Associated,,,,Valuation,,,,
1184,Master Files,,Valuation,ABIE,0,Valuation,1..*,,Details,,,,,,,,
1185,Master Files,,Valuation,BBIE,1,AssetValuationType,0..1,,AssetValuationType,,Code,,,,,SAFshorttextType,"Describes the purpose for the reporting: f.i. commercial, tax  in country 1, tax in country 2, etc."
1186,Master Files,,Valuation,BBIE,2,ValuationClass,0..1,,ValuationClass,,Code,,,,,SAFshorttextType,This describes the classification of the asset for (tax) reporting purposes.
1187,Master Files,,Valuation,BBIE,3,AcquisitionAndProductionCostsBegin,1..1,,AcquisitionAndProductionCostsBegin,,Monetary,,,,,SAFmonetaryType,Total costs of acquisition and/or production of the asset at SelectionStartDate in the header's default currency.
1188,Master Files,,Valuation,BBIE,4,AcquisitionAndProductionCostsEnd,1..1,,AcquisitionAndProductionCostsEnd,,Monetary,,,,,SAFmonetaryType,Total costs of acquisition and/or production of the asset at SelectionEndDate in the header's default currency.
1189,Master Files,,Valuation,BBIE,5,InvestmentSupport,0..1,,InvestmentSupport,,Monetary,,,,,SAFmonetaryType,Total amount of investment support for this asset in the header's default currency.
1190,Master Files,,Valuation,ASBIE,6,choice:AssetLifeYear/AssetLifeMonth,1..1,,Associated,,,,choice:AssetLifeYear/AssetLifeMonth,,,,
1191,Master Files,,Valuation,BBIE,7,AssetAddition,0..1,,AssetAddition,,Monetary,,,,,SAFmonetaryType,Bookvalue of the acquisition and/or production of the asset in the  Selectionperiod in the header's default currency.
1192,Master Files,,Valuation,BBIE,8,Transfers,0..1,,Transfers,,Monetary,,,,,SAFmonetaryType,Book value of the transfers of the asset during the Selectionperiod in the header's default currency.
1193,Master Files,,Valuation,BBIE,9,AssetDisposal,0..1,,AssetDisposal,,Monetary,,,,,SAFmonetaryType,Book value of the disposals of the asset during the Selectionperiod in the header's default currency.
1194,Master Files,,Valuation,BBIE,10,BookValueBegin,0..1,,BookValueBegin,,Monetary,,,,,SAFmonetaryType,Bookvalue at the beginning of the Selectionperiod in the header's default currency.
1195,Master Files,,Valuation,BBIE,11,DepreciationMethod,0..1,,DepreciationMethod,,Text,,,,,SAFmiddle1textType,Method of normal depreciation during the Selectionperiod.
1196,Master Files,,Valuation,BBIE,12,DepreciationPercentage,0..1,,DepreciationPercentage,,Percentage,,,,,decimal,The rate of the normal depreciation per year or month (depends on choice useful life periode)
1197,Master Files,,Valuation,BBIE,13,DepreciationForPeriod,1..1,,DepreciationForPeriod,,Monetary,,,,,SAFmonetaryType,Total amouunt of normal depreciation during the Selectionperiod in the header's default currency.
1198,Master Files,,Valuation,BBIE,14,AppreciationForPeriod,0..1,,AppreciationForPeriod,,Monetary,,,,,SAFmonetaryType,Total amouunt of appreciation during the Selectionperiod in the header's default currency.
1199,Master Files,,Valuation,ASBIE,15,ExtraordinaryDepreciationsForPeriod,0..1,,Associated,,,,ExtraordinaryDepreciationsForPeriod,,,,Extraordinary depreciations for this asset during the Selectionperiod.
1200,Master Files,,Valuation,BBIE,16,AccumulatedDepreciation,0..1,,AccumulatedDepreciation,,Monetary,,,,,SAFmonetaryType,Bookvalue at the end of the Selectionperiod in the header's default currency.
1201,Master Files,,choice:AssetLifeYear/AssetLifeMonth,ABIE,0,choice:AssetLifeYear/AssetLifeMonth,1..1,,Details,,,,,,,,
1202,Master Files,,choice:AssetLifeYear/AssetLifeMonth,BBIE,1,AssetLifeYear,1..1,,AssetLifeYear,,Numeric,,,,,decimal,Periode of useful life in years
1203,Master Files,,choice:AssetLifeYear/AssetLifeMonth,BBIE,2,AssetLifeMonth,1..1,,AssetLifeMonth,,Numeric,,,,,decimal,Period of useful life in months
1204,Master Files,,ExtraordinaryDepreciationsForPeriod,ABIE,0,ExtraordinaryDepreciationsForPeriod,0..1,,Details,,,,,,,,Extraordinary depreciations for this asset during the Selectionperiod.
1205,Master Files,,ExtraordinaryDepreciationsForPeriod,ASBIE,1,ExtraordinaryDepreciationForPeriod,1..*,,Associated,,,,ExtraordinaryDepreciationForPeriod,,,,
1206,Master Files,,ExtraordinaryDepreciationForPeriod,ABIE,0,ExtraordinaryDepreciationForPeriod,1..*,,Details,,,,,,,,
1207,Master Files,,ExtraordinaryDepreciationForPeriod,BBIE,1,ExtraordinaryDepreciationMethod,1..1,,ExtraordinaryDepreciationMethod,,Text,,,,,SAFmiddle1textType,Method of extraordinary depreciation during the Selectionperiod.
1208,Master Files,,ExtraordinaryDepreciationForPeriod,BBIE,2,ExtraordinaryDepreciationForPeriod,1..1,,ExtraordinaryDepreciationForPeriod,,Monetary,,,,,SAFmonetaryType,Amouunt of extraordinary depreciation during the Selectionperiod in the header's default currency.
1209,General Ledger Entries,,GeneralLedgerEntries,ABIE,0,GeneralLedgerEntries,0..1,,Details,,,,,,,,
1210,General Ledger Entries,,GeneralLedgerEntries,BBIE,1,NumberOfEntries,1..1,,NumberOfEntries,,Numeric,,,,,nonNegativeInteger,Number of entries
1211,General Ledger Entries,,GeneralLedgerEntries,BBIE,2,TotalDebit,1..1,,TotalDebit,,Monetary,,,,,SAFmonetaryType,The total of all debit amounts in the header's default currency.
1212,General Ledger Entries,,GeneralLedgerEntries,BBIE,3,TotalCredit,1..1,,TotalCredit,,Monetary,,,,,SAFmonetaryType,The total of all credit amounts in the header's default currency.
1213,General Ledger Entries,,GeneralLedgerEntries,ASBIE,4,Journal,0..*,,Associated,,,,Journal,,,,
1214,General Ledger Entries,,Journal,ABIE,0,Journal,0..*,,Details,,,,,,,,
1215,General Ledger Entries,,Journal,BBIE,1,JournalID,1..1,,JournalID,,Code,,,,,SAFshorttextType,"Source GL journal identifier, or invoices and payments in single ledger systems"
1216,General Ledger Entries,,Journal,BBIE,2,Description,1..1,,Description,,Text,,,,,SAFlongtextType,Description of the Journal
1217,General Ledger Entries,,Journal,BBIE,3,Type,1..1,,Type,,Code,,,,,SAFcodeType,Grouping mechanism for journals
1218,General Ledger Entries,,Journal,ASBIE,4,Transaction,0..*,,Associated,,,,Transaction,,,,
1219,General Ledger Entries,,Transaction,ABIE,0,Transaction,0..*,,Details,,,,,,,,
1220,General Ledger Entries,,Transaction,IDBIE,1,TransactionID,1..1,,TransactionID,,Identifier,,,,,SAFmiddle2textType,"Cross-reference to GL posting. It can contain many different levels to identify the transaction. It could include cost centres such as company, division, region, group and branch/department."
1221,General Ledger Entries,,Transaction,BBIE,2,Period,1..1,,Period,,Numeric,,,,,nonNegativeInteger,Accounting Period
1222,General Ledger Entries,,Transaction,BBIE,3,PeriodYear,1..1,,PeriodYear,,Numeric,,,,,"xs:nonNegativeInteger minInclusive value=""1970"" maxInclusive value=""2100""",The year of the Accounting Period.
1223,General Ledger Entries,,Transaction,BBIE,4,TransactionDate,1..1,,TransactionDate,,Date,,,,,date,Document date
1224,General Ledger Entries,,Transaction,BBIE,5,SourceID,0..1,,SourceID,,Text,,,,,SAFmiddle1textType,Details of person or application that entered the transaction
1225,General Ledger Entries,,Transaction,BBIE,6,TransactionType,0..1,,TransactionType,,Code,,,,,SAFshorttextType,"Type of journaltransaction: normal, (automated) periodically, etc."
1226,General Ledger Entries,,Transaction,BBIE,7,Description,1..1,,Description,,Text,,,,,SAFlongtextType,Description of Journal Transaction
1227,General Ledger Entries,,Transaction,BBIE,8,BatchID,0..1,,BatchID,,Text,,,,,SAFmiddle1textType,Systems generated ID for batch
1228,General Ledger Entries,,Transaction,BBIE,9,SystemEntryDate,1..1,,SystemEntryDate,,Date,,,,,date,Date captured  by system
1229,General Ledger Entries,,Transaction,BBIE,10,GLPostingDate,1..1,,GLPostingDate,,Date,,,,,date,Date posting to GL
1230,General Ledger Entries,,Transaction,RFBIE,11,CustomerID,0..1,,Referenced,,Text,,,,Customer,SAFmiddle1textType,Unique code for the customer
1231,General Ledger Entries,,Transaction,RFBIE,12,SupplierID,0..1,,Referenced,,Text,,,,Supplier,SAFmiddle1textType,Unique code for the supplier
1232,General Ledger Entries,,Transaction,BBIE,13,SystemID,0..1,,SystemID,,Code,,,,,SAFshorttextType,Unique number created by the system for the document
1233,General Ledger Entries,,Transaction,ASBIE,14,Transaction_Line,1..*,,Associated,,,,Transaction_Line,,,,
1234,General Ledger Entries,,Transaction_Line,ABIE,0,Transaction_Line,1..*,,Details,,,,,,,,
1235,General Ledger Entries,,Transaction_Line,BBIE,1,RecordID,1..1,,RecordID,,Code,,,,,SAFshorttextType,Identifier to trace entry to journal line or posting reference
1236,General Ledger Entries,,Transaction_Line,RFBIE,2,AccountID,1..1,,Referenced,,Text,,,,GeneralLedgerAccounts,SAFmiddle2textType,"General Ledger Account code. Can be including sub-account id. It can contain many different levels to identify the Account. It could include cost centres such as company, division, region, group and branch/department."
1237,General Ledger Entries,,Transaction_Line,ASBIE,3,Analysis,0..*,,Associated,,,,AnalysisStructure,,,AnalysisStructure,General Ledger analysis codes
1238,General Ledger Entries,,Transaction_Line,BBIE,4,ValueDate,0..1,,ValueDate,,Date,,,,,date,Effective date from which interest charged. To be reported when this date differs from the transactiondate.
1239,General Ledger Entries,,Transaction_Line,BBIE,5,SourceDocumentID,0..1,,SourceDocumentID,,Text,,,,,SAFmiddle1textType,Source document number to which line relates
1240,General Ledger Entries,,Transaction_Line,RFBIE,6,CustomerID,0..1,,Referenced,,Text,,,,Customer,SAFmiddle1textType,Unique code for the customer
1241,General Ledger Entries,,Transaction_Line,RFBIE,7,SupplierID,0..1,,Referenced,,Text,,,,Supplier,SAFmiddle1textType,Unique code for the supplier
1242,General Ledger Entries,,Transaction_Line,BBIE,8,Description,1..1,,Description,,Text,,,,,SAFlongtextType,Description of the Journal Line.
1243,General Ledger Entries,,Transaction_Line,ASBIE,9,choice DebitAmount/CreditAmount,1..1,,Associated,,,,choice:DebitAmount/CreditAmount,,,,
1244,General Ledger Entries,,Transaction_Line,ASBIE,10,TaxInformation,0..*,,Associated,,,,TaxInformationStructure,,,TaxInformationStructure,
1245,General Ledger Entries,,Transaction_Line,BBIE,11,any##other,0..1,,any,,any,,,,,Represents space to allow individual Revenue Bodies to add further elements,Represents space to allow individual Revenue Bodies to add further elements
1246,General Ledger Entries,,choice:DebitAmount/CreditAmount,ABIE,0,choice DebitAmount/CreditAmount,1..1,,Details,,,,,,,,
1247,General Ledger Entries,,choice:DebitAmount/CreditAmount,ASBIE,1,DebitAmountt,1..1,,Associated,,,,AmountStructure,,,AmountStructure,Debit amount information for transaction
1248,General Ledger Entries,,choice:DebitAmount/CreditAmount,ASBIE,2,CreditAmountt,1..1,,Associated,,,,AmountStructure,,,AmountStructure,Credit amount information for transaction
1249,Source Documents,,SalesInvoices,ABIE,0,SalesInvoices,0..1,,Details,,,,,,,,
1250,Source Documents,,SalesInvoices,BBIE,1,NumberOfEntries,1..1,,NumberOfEntries,,Numeric,,,,,nonNegativeInteger,Number of entries
1251,Source Documents,,SalesInvoices,BBIE,2,TotalDebit,1..1,,TotalDebit,,Monetary,,,,,SAFmonetaryType,The total of all debit amounts in the header's default currency
1252,Source Documents,,SalesInvoices,BBIE,3,TotalCredit,1..1,,TotalCredit,,Monetary,,,,,SAFmonetaryType,The total of all credit amounts in the header's default currency
1253,Source Documents,,SalesInvoices,ASBIE,4,Invoice,1..*,,Associated,,,,InvoiceStructure,,,InvoiceStructure,
1254,Source Documents,,PurchaseInvoices,ABIE,0,PurchaseInvoices,0..1,,Details,,,,,,,,
1255,Source Documents,,PurchaseInvoices,BBIE,1,NumberOfEntries,1..1,,NumberOfEntries,,Numeric,,,,,nonNegativeInteger,Number of entries
1256,Source Documents,,PurchaseInvoices,BBIE,2,TotalDebit,1..1,,TotalDebit,,Monetary,,,,,SAFmonetaryType,The total of all debit amounts in the header's default currency
1257,Source Documents,,PurchaseInvoices,BBIE,3,TotalCredit,1..1,,TotalCredit,,Monetary,,,,,SAFmonetaryType,The total of all credit amounts in the header's default currency
1258,Source Documents,,PurchaseInvoices,ASBIE,4,Invoice,1..*,,Associated,,,,InvoiceStructure,,,InvoiceStructure,
1259,Source Documents,,Payments,ABIE,0,Payments,0..1,,Details,,,,,,,,
1260,Source Documents,,Payments,BBIE,1,NumberOfEntries,1..1,,NumberOfEntries,,Numeric,,,,,nonNegativeInteger,Number of entries
1261,Source Documents,,Payments,BBIE,2,TotalDebit,1..1,,TotalDebit,,Monetary,,,,,SAFmonetaryType,The total of all debit amounts in the header's default currency
1262,Source Documents,,Payments,BBIE,3,TotalCredit,1..1,,TotalCredit,,Monetary,,,,,SAFmonetaryType,The total of all credit amounts in the header's default currency
1263,Source Documents,,Payments,ASBIE,4,Payment,1..*,,Associated,,,,Payment,,,,
1264,Source Documents,,Payment,ABIE,0,Payment,1..*,,Details,,,,,,,,
1265,Source Documents,,Payment,BBIE,1,PaymentRefNo,1..1,,PaymentRefNo,,Text,,,,,SAFmiddle1textType,Unique reference number for payment
1266,Source Documents,,Payment,BBIE,2,Period,0..1,,Period,,Numeric,,,,,nonNegativeInteger,Accounting Period
1267,Source Documents,,Payment,BBIE,3,PeriodYear,0..1,,PeriodYear,,Numeric,,,,,"xs:nonNegativeInteger minInclusive value=""1970"" maxInclusive value=""2100""",The year of the Accounting Period.
1268,Source Documents,,Payment,RFBIE,4,TransactionID,0..1,,Referenced,,Text,,,,Transaction,SAFmiddle2textType,"Cross-reference to GL posting. It can contain many different levels to identify the transaction. It could include cost centres such as company, division, region, group and branch/department."
1269,Source Documents,,Payment,BBIE,5,TransactionDate,1..1,,TransactionDate,,Date,,,,,date,Document date
1270,Source Documents,,Payment,BBIE,6,PaymentMethod,0..1,,PaymentMethod,,Code,,,,,SAFcodeType,"Cheque, Bank, Giro, Cash, etc."
1271,Source Documents,,Payment,BBIE,7,Description,1..1,,Description,,Text,,,,,SAFlongtextType,Description of the payment.
1272,Source Documents,,Payment,BBIE,8,BatchID,0..1,,BatchID,,Text,,,,,SAFmiddle1textType,Systems generated ID for batch
1273,Source Documents,,Payment,BBIE,9,SystemID,0..1,,SystemID,,Text,,,,,SAFmiddle1textType,Unique number created by the system for the document
1274,Source Documents,,Payment,BBIE,10,SourceID,0..1,,SourceID,,Text,,,,,SAFmiddle1textType,Details of person or application that entered the transaction
1275,Source Documents,,Payment,ASBIE,11,Payment_Line,1..*,,Associated,,,,Payment_Line,,,,
1276,Source Documents,,Payment,ASBIE,12,PaymentSettlement,0..1,,Associated,,,,Settlement,,,,
1277,Source Documents,,Payment,ASBIE,13,PaymentDocumentTotals,0..1,,Associated,,,,DocumentTotals,,,,
1278,Source Documents,,Payment,BBIE,14,any##other,0..1,,any,,any,,,,,Represents space to allow individual Revenue Bodies to add further elements,Represents space to allow individual Revenue Bodies to add further elements
1279,Source Documents,,Payment_Line,ABIE,0,Payment_Line,1..*,,Details,,,,,,,,
1280,Source Documents,,Payment_Line,BBIE,1,PLineNumber,0..1,,PLineNumber,,Code,,,,,SAFshorttextType,Number of the paymentline
1281,Source Documents,,Payment_Line,BBIE,2,SourceDocumentID,0..1,,SourceDocumentID,,Text,,,,,SAFmiddle1textType,The source document to which the line relates
1282,Source Documents,,Payment_Line,RFBIE,3,AccountID,0..1,,Referenced,,Text,,,,GeneralLedgerAccounts,SAFmiddle2textType,"General Ledger Account code. Can be including sub-account id. It can contain many different levels to identify the Account. It could include cost centres such as company, division, region, group and branch/department."
1283,Source Documents,,Payment_Line,ASBIE,4,Analysis,0..*,,Associated,,,,AnalysisStructure,,,AnalysisStructure,General Ledger analysis codes
1284,Source Documents,,Payment_Line,RFBIE,5,CustomerID,0..1,,Referenced,,Text,,,,Customer,SAFmiddle1textType,Unique code for the customer
1285,Source Documents,,Payment_Line,RFBIE,6,SupplierID,0..1,,Referenced,,Text,,,,Supplier,SAFmiddle1textType,Unique code for the supplier
1286,Source Documents,,Payment_Line,BBIE,7,TaxPointDate,0..1,,TaxPointDate,,Date,,,,,date,Tax Point date where recorded or if not recorded then the Invoice date
1287,Source Documents,,Payment_Line,BBIE,8,Description,0..1,,Description,,Text,,,,,SAFlongtextType,Description of the payment line.
1288,Source Documents,,Payment_Line,BBIE,9,DebitCreditIndicator,1..1,,DebitCreditIndicator,,Indicator,,,,,,Indicates whether the amounts on line-level are debit or credit amounts. Entry must correspond to entry reflected in General Ledger Entry. Signing of lineamounts is relative to this indicator. E.g. a return can lead to a negative amount.
1289,Source Documents,,Payment_Line,ASBIE,10,PaymentLineAmount,1..1,,Associated,,,,AmountStructure,,,AmountStructure,Amount for transaction excluding taxes.
1290,Source Documents,,Payment_Line,ASBIE,11,TaxInformation,0..*,,Associated,,,,TaxInformationStructure,,,TaxInformationStructure,
1291,Source Documents,,Payment_Line,BBIE,12,any##other,0..1,,any,,any,,,,,Represents space to allow individual Revenue Bodies to add further elements,Represents space to allow individual Revenue Bodies to add further elements
1292,Source Documents,,Settlement,ABIE,0,PaymentSettlement,0..1,,Details,,,,,,,,
1293,Source Documents,,Settlement,BBIE,1,SettlementDiscount,0..1,,SettlementDiscount,,Text,,,,,SAFmiddle1textType,Description Settlement / Other Discount
1294,Source Documents,,Settlement,ASBIE,2,SettlementAmount,0..1,,Associated,,,,AmountStructure,,,AmountStructure,Settlement amount
1295,Source Documents,,Settlement,BBIE,3,SettlementDate,0..1,,SettlementDate,,Date,,,,,date,Date settled
1296,Source Documents,,Settlement,BBIE,4,PaymentMechanism,0..1,,PaymentMechanism,,Code,,,,,SAFcodeType,Payment mechanism
1297,Source Documents,,DocumentTotals,ABIE,0,PaymentDocumentTotals,0..1,,Details,,,,,,,,
1298,Source Documents,,DocumentTotals,ASBIE,1,TaxInformationTotals,0..*,,Associated,,,,TaxInformationStructure,,,TaxInformationStructure,Control totals tax payable information. Per TaxType/TaxCode the TaxBase and TaxAmount are summarised.
1299,Source Documents,,DocumentTotals,BBIE,2,NetTotal,0..1,,NetTotal,,Monetary,,,,,SAFmonetaryType,Total amount excluding tax in the header's default currency.
1300,Source Documents,,DocumentTotals,BBIE,3,GrossTotal,1..1,,GrossTotal,,Monetary,,,,,SAFmonetaryType,Total amount including tax in the header's default currency.
1301,Source Documents,,MovementOfGoods,ABIE,0,MovementOfGoods,0..1,,Details,,,,,,,,
1302,Source Documents,,MovementOfGoods,BBIE,1,NumberOfMovementLines,1..1,,NumberOfMovementLines,,Numeric,,,,,nonNegativeInteger,Number of movementlines in selected period
1303,Source Documents,,MovementOfGoods,BBIE,2,TotalQuantityReceived,1..1,,TotalQuantityReceived,,Quantity,,,,,SAFquantityType,Quantity of goods received
1304,Source Documents,,MovementOfGoods,BBIE,3,TotalQuantityIssued,1..1,,TotalQuantityIssued,,Quantity,,,,,SAFquantityType,Quantity of goods issued in selected period
1305,Source Documents,,MovementOfGoods,ASBIE,4,StockMovement,1..*,,Associated,,,,StockMovement,,,,
1306,Source Documents,,StockMovement,ABIE,0,StockMovement,1..*,,Details,,,,,,,,
1307,Source Documents,,StockMovement,BBIE,1,MovementReference,1..1,,MovementReference,,Text,,,,,SAFmiddle1textType,Unique reference to the movement.
1308,Source Documents,,StockMovement,BBIE,2,MovementDate,1..1,,MovementDate,,Date,,,,,date,Document date
1309,Source Documents,,StockMovement,BBIE,3,MovementPostingDate,0..1,,MovementPostingDate,,Date,,,,,date,Date of posting of the movement if different to Movement Date
1310,Source Documents,,StockMovement,BBIE,4,MovementPostingTime,0..1,,MovementPostingTime,,Time,,,,,time,Time of posting of the movement
1311,Source Documents,,StockMovement,BBIE,5,TaxPointDate,0..1,,TaxPointDate,,Date,,,,,date,Date of supply of goods
1312,Source Documents,,StockMovement,RFBIE,6,MovementType,1..1,,Referenced,,Code,,,,MovementTypeTableEntry,SAFcodeType,"The movementtype expresses the type of the process for the underlaying lines. E.g. production, sales, purchase. Predescribed TABLE is possible."
1313,Source Documents,,StockMovement,BBIE,7,SourceID,0..1,,SourceID,,Text,,,,,SAFmiddle1textType,Details of person or application that entered the transaction
1314,Source Documents,,StockMovement,BBIE,8,SystemID,0..1,,SystemID,,Text,,,,,SAFmiddle1textType,Unique number created by the system for the document
1315,Source Documents,,StockMovement,ASBIE,9,DocumentReference,0..1,,Associated,,,,DocumentReference,,,,
1316,Source Documents,,StockMovement,ASBIE,10,StockMovement_Line,1..*,,Associated,,,,StockMovement_Line,,,,
1317,Source Documents,,StockMovement,BBIE,11,any##other,0..1,,any,,any,,,,,Represents space to allow individual Revenue Bodies to add further elements,Represents space to allow individual Revenue Bodies to add further elements
1318,Source Documents,,DocumentReference,ABIE,0,DocumentReference,0..1,,Details,,,,,,,,
1319,Source Documents,,DocumentReference,BBIE,1,DocumentType,1..1,,DocumentType,,Code,,,,,SAFshorttextType,Type of document
1320,Source Documents,,DocumentReference,BBIE,2,DocumentNumber,1..1,,DocumentNumber,,Text,,,,,SAFmiddle1textType,Reference number of the document
1321,Source Documents,,DocumentReference,BBIE,3,DocumentLine,0..1,,DocumentLine,,Code,,,,,SAFshorttextType,Line number of the document
1322,Source Documents,,StockMovement_Line,ABIE,0,StockMovement_Line,1..*,,Details,,,,,,,,
1323,Source Documents,,StockMovement_Line,BBIE,1,LineNumber,1..1,,LineNumber,,Code,,,,,SAFshorttextType,Number of the movementline
1324,Source Documents,,StockMovement_Line,RFBIE,2,AccountID,0..1,,Referenced,,Text,,,,GeneralLedgerAccounts,SAFmiddle2textType,General Ledger Account code. Can be including sub-account id.
1325,Source Documents,,StockMovement_Line,RFBIE,3,TransactionID,0..1,,Referenced,,Text,,,,Transaction,SAFmiddle2textType,"Cross-reference to GL posting. It can contain many different levels to identify the transaction. It could include cost centres such as company, division, region, group and branch/department."
1326,Source Documents,,StockMovement_Line,RFBIE,4,CustomerID,0..1,,Referenced,,Text,,,,Customer,SAFmiddle1textType,Unique code for the customer
1327,Source Documents,,StockMovement_Line,RFBIE,5,SupplierID,0..1,,Referenced,,Text,,,,Supplier,SAFmiddle1textType,Unique code for the supplier
1328,Source Documents,,StockMovement_Line,ASBIE,6,ShipTo,0..1,,To,,,,ShippingPointStructure,,,ShippingPointStructure,Ship To details
1329,Source Documents,,StockMovement_Line,ASBIE,7,ShipFrom,0..1,,From,,,,ShippingPointStructure,,,ShippingPointStructure,Ship from Details
1330,Source Documents,,StockMovement_Line,RFBIE,8,ProductCode,1..1,,Referenced,,Text,,,,Product,SAFmiddle2textType,Product code
1331,Source Documents,,StockMovement_Line,RFBIE,9,StockAccountNo,0..1,,Referenced,,Text,,,,PhysicalStockEntry,SAFmiddle2textType,"Stock batch, lot, serial identification. Not used when there is exactly 1 PhysicalStock entry per ProductCode"
1332,Source Documents,,StockMovement_Line,BBIE,10,Quantity,1..1,,Quantity,,Quantity,,,,,SAFquantityType,Quantity of goods
1333,Source Documents,,StockMovement_Line,RFBIE,11,UnitOfMeasure,1..1,,Referenced,,Code,,,,UOMTableEntry,SAFcodeType,Quantity unit of measure e.g. pack of 12
1334,Source Documents,,StockMovement_Line,BBIE,12,UOMToUOMPhysicalStockConversionFactor,1..1,,UOMToUOMPhysicalStockConversionFactor,,Numeric,,,,,decimal,Conversion factor of the UOM to UOM Physical Stock
1335,Source Documents,,StockMovement_Line,BBIE,13,BookValue,0..1,,BookValue,,Monetary,,,,,SAFmonetaryType,Value of the transaction line as registrerd in the general ledger in the header's default currency.
1336,Source Documents,,StockMovement_Line,RFBIE,14,MovementSubType,1..1,,Referenced,,Code,,,,MovementTypeTableEntry,SAFcodeType,"Indentify the type of the movement on line / article level. A movement(type) production contains f.i. use of components, getting finished product, efficiencyloss as movementsubtypes. Predescribed TABLE is possible."
1337,Source Documents,,StockMovement_Line,BBIE,15,MovementComments,0..1,,MovementComments,,Text,,,,,SAFlongtextType,A reason for the movement
1338,Source Documents,,StockMovement_Line,ASBIE,16,TaxInformation,0..*,,Associated,,,,TaxInformationStructure,,,TaxInformationStructure,
1339,Source Documents,,StockMovement_Line,BBIE,17,any##other,0..1,,any,,any,,,,,Represents space to allow individual Revenue Bodies to add further elements,Represents space to allow individual Revenue Bodies to add further elements
1340,Source Documents,,AssetTransactions,ABIE,0,AssetTransactions,0..1,,Details,,,,,,,,Details of all transactions related to an asset during the Selectionperiod.
1341,Source Documents,,AssetTransactions,BBIE,1,NumberOfAssetTransactions,1..1,,Associated,,Numeric,,,,,nonNegativeInteger,Number of movementlines during selected period
1342,Source Documents,,AssetTransactions,ASBIE,2,AssetTransaction,1..*,,Associated,,,,AssetTransaction,,,,
1343,Source Documents,,AssetTransaction,ABIE,3,AssetTransaction,1..*,,Details,,,,,,,,
1344,Source Documents,,AssetTransaction,RFBIE,4,AssetTransactionID,1..1,,Referenced,,Text,,,,Transaction,SAFmiddle2textType,Unique Identification  of the transaction
1345,Source Documents,,AssetTransaction,RFBIE,5,AssetID,1..1,,Referenced,,Text,,,,Asset,SAFmiddle1textType,Unique identifier of the asset
1346,Source Documents,,AssetTransaction,BBIE,6,AssetTransactionType,1..1,,Associated,,Code,,,,,SAFcodeType,Code for the type of the transaction
1347,Source Documents,,AssetTransaction,BBIE,7,Description,0..1,,Associated,,Text,,,,,SAFlongtextType,Description of the type of the transaction.
1348,Source Documents,,AssetTransaction,BBIE,8,AssetTransactionDate,1..1,,Associated,,Date,,,,,date,Recording date of the transaction type (e. g. assets: date of the addition of the asset)
1349,Source Documents,,AssetTransaction,ASBIE,9,Supplier,0..1,,Associated,,,,Supplier,,,,Information about the supplier of the asset
1350,Source Documents,,AssetTransaction,BBIE,10,TransactionID,0..1,,TransactionID,,Text,,,,,SAFmiddle2textType,"Cross-reference to GL posting in the journal. It can contain many different levels to identify the transaction. It could include cost centres such as company, division, region, group and branch/department."
1351,Source Documents,,AssetTransaction,ASBIE,11,AssetTransactionValuations,1..1,,Associated,,,,AssetTransactionValuations,,,,These amounts of the transaction can differ per asset valuation type.
1352,Source Documents,,AssetTransaction,BBIE,12,any##other,0..1,,any,,any,,,,,Represents space to allow individual Revenue Bodies to add further elements,Represents space to allow individual Revenue Bodies to add further elements
1353,Source Documents,,AssetTransactionValuations,ABIE,0,AssetTransactionValuations,1..1,,Details,,,,,,,,These amounts of the transaction can differ per asset valuation type.
1354,Source Documents,,AssetTransactionValuations,ASBIE,1,AssetTransactionValuation,1..*,,Associated,,,,AssetTransactionValuation,,,,
1355,Source Documents,,AssetTransactionValuation,ABIE,0,AssetTransactionValuation,1..*,,Details,,,,,,,,
1356,Source Documents,,AssetTransactionValuation,BBIE,1,AssetValuationType,0..1,,AssetValuationType,,Code,,,,,SAFshorttextType,"Describes the purpose for the reporting: f.i. commercial, tax  in country 1, tax in country 2, etc."
1357,Source Documents,,AssetTransactionValuation,BBIE,2,AcquisitionAndProductionCostsOnTransaction,1..1,,AcquisitionAndProductionCostsOnTransaction,,Monetary,,,,,SAFmonetaryType,Costs of acquisition and/or production of related asset transaction in the header's default currency at date of transaction.
1358,Source Documents,,AssetTransactionValuation,BBIE,3,BookValueOnTransaction,1..1,,BookValueOnTransaction,,Monetary,,,,,SAFmonetaryType,Bookvalue of related asset transaction in the header's default currency at date of transaction.
1359,Source Documents,,AssetTransactionValuation,BBIE,4,AssetTransactionAmount,1..1,,AssetTransactionAmount,,Monetary,,,,,SAFmonetaryType,"Net Amount of related asset transaction in the header's default currency, for instance the net sales revenue."
1360,Source Documents,,AssetTransactionValuation,BBIE,5,any##other,0..1,,any,,any,,,,,Represents space to allow individual Revenue Bodies to add further elements,Represents space to allow individual Revenue Bodies to add further elements
1361,Source Documents,,choice:CustomerInfo/SupplierInfo,ABIE,0,choice:CustomerInfo/SupplierInfo,0..1,,Details,,,,,,,,
1362,Source Documents,,choice:CustomerInfo/SupplierInfo,ASBIE,1,CustomerInfo,1..1,,Associated,,,,CustomerInfo,,,,
1363,Source Documents,,CustomerInfo,ABIE,0,CustomerInfo,1..1,,Details,,,,,,,,
1364,Source Documents,,CustomerInfo,ASBIE,1,choice:CustomerID/Name,1..1,,Associated,,,,choice:CustomerID/Name,,,,
1365,Source Documents,,choice:CustomerID/Name,ABIE,0,choice:CustomerID/Name,1..1,,Details,,,,,,,,
1366,Source Documents,,choice:CustomerID/Name,RFBIE,1,CustomerID,1..1,,CustomerID,,Text,,,,Customer,SAFmiddle1textType,Unique code for the customer
1367,Source Documents,,choice:CustomerID/Name,BBIE,1,Name,1..1,,Name,,Text,,,,,SAFmiddle2textType,Name of the customer
1368,Source Documents,,CustomerInfo,ASBIE,1,BillingAddress,1..1,,Associated,,,,AddressStructure,,,AddressStructure,
1369,Source Documents,,choice:CustomerInfo/SupplierInfo,ASBIE,1,SupplierInfo,1..1,,Associated,,,,SupplierInfo,,,,
1370,Source Documents,,SupplierInfo,ABIE,0,SupplierInfo,1..1,,Details,,,,,,,,
1371,Source Documents,,SupplierInfo,ASBIE,1,choice:SupplierID/Name,1..1,,Associated,,,,choice:SupplierID/Name,,,,
1372,Source Documents,,choice:SupplierID/Name,ABIE,0,choice:SupplierID/Name,1..1,,Details,,,,,,,,
1373,Source Documents,,choice:SupplierID/Name,RFBIE,1,SupplierID,1..1,,SupplierID,,Text,,,,Supplier,SAFmiddle1textType,Unique code for the supplier
1374,Source Documents,,choice:SupplierID/Name,BBIE,1,Name,1..1,,Name,,Text,,,,,SAFmiddle2textType,Name of the supplier
1375,Source Documents,,SupplierInfo,ASBIE,1,BillingAddress,1..1,,Associated,,,,AddressStructure,,,AddressStructure,
1376,Source Documents,,InvoiceStructure,ABIE,0,InvoiceStructure,1..1,,Details,,,,,,,,
1377,Source Documents,,InvoiceStructure,BBIE,1,InvoiceNo,1..1,,,,Text,,,,,SAFmiddle2textType,
1378,Source Documents,,InvoiceStructure,ASBIE,2,choice:CustomerInfo/SupplierInfo,0..1,,Associated,,,,choice:CustomerInfo/SupplierInfo,,,,
1379,Source Documents,,InvoiceStructure,BBIE,3,AccountID,0..1,,AccountID,,Text,,,,,SAFmiddle2textType,"General Ledger Account code of the customer / supplier. Can be including sub-account id. It can contain many different levels to identify the Account. It could include cost centres such as company, division, region, group and branch/department."
1380,Source Documents,,InvoiceStructure,BBIE,4,BranchStoreNumber,0..1,,BranchStoreNumber,,Text,,,,,SAFmiddle1textType,"Branch or Storenumber, additional segregation of customer/supplier, used if not included as part of the customer/supplier id."
1381,Source Documents,,InvoiceStructure,BBIE,5,Period,0..1,,Period,,Numeric,,,,,nonNegativeInteger,Accounting Period
1382,Source Documents,,InvoiceStructure,BBIE,6,PeriodYear,0..1,,PeriodYear,,Numeric,,,,,"xs:nonNegativeInteger minInclusive value=""1970"" maxInclusive value=""2100""",The year of the Accounting Period.
1383,Source Documents,,InvoiceStructure,BBIE,7,InvoiceDate,1..1,,InvoiceDate,,Date,,,,,date,
1384,Source Documents,,InvoiceStructure,BBIE,8,InvoiceType,0..1,,InvoiceType,,Code,,,,,SAFcodeType,"Type of invoice: Debit invoice, Credit invoice, Cash, Ticket, etc."
1385,Source Documents,,InvoiceStructure,ASBIE,9,shipTo,0..1,,To,,,,ShippingPointStructure,,,ShippingPointStructure,Ship To details
1386,Source Documents,,InvoiceStructure,ASBIE,10,shipFrom,0..1,,From,,,,ShippingPointStructure,,,ShippingPointStructure,Ship from Details
1387,Source Documents,,InvoiceStructure,BBIE,11,PaymentTerms,0..1,,PaymentTerms,,Text,,,,,SAFmiddle2textType,Payments terms for this invoice
1388,Source Documents,,InvoiceStructure,BBIE,12,SelfBillingIndicator,0..1,,SelfBillingIndicator,,Code,,,,,SAFcodeType,Indicator showing if self-billing  is used for this invoice.
1389,Source Documents,,InvoiceStructure,BBIE,13,SourceID,0..1,,SourceID,,Text,,,,,SAFmiddle1textType,Details of person or application that entered the transaction
1390,Source Documents,,InvoiceStructure,BBIE,14,GLPostingDate,0..1,,GLPostingDate,,Date,,,,,date,Date posting to GL
1391,Source Documents,,InvoiceStructure,BBIE,15,BatchID,0..1,,BatchID,,Text,,,,,SAFmiddle1textType,Systems generated ID for batch
1392,Source Documents,,InvoiceStructure,BBIE,16,SystemID,0..1,,SystemID,,Text,,,,,SAFmiddle1textType,Unique number created by the system for the document
1393,Source Documents,,InvoiceStructure,BBIE,17,TransactionID,0..1,,TransactionID,,Text,,,,,SAFmiddle2textType,"Cross-reference to GL posting. It can contain many different levels to identify the transaction. It could include cost centres such as company, division, region, group and branch/department."
1394,Source Documents,,InvoiceStructure,BBIE,18,ReceiptNumbers,0..1,,ReceiptNumbers,,Text,,,,,SAFlongtextType,"The number(s) of the receipt(s) on this ""consolidated invoicerecord"". Can be a single number, a range or a list."
1395,Source Documents,,InvoiceStructure,ASBIE,19,InvoiceStructure_Line,1..*,,Associated,,,,InvoiceStructure_Line,,,,
1396,Source Documents,,InvoiceStructure,BBIE,20,any##other,0..1,,any,,any,,,,,Represents space to allow individual Revenue Bodies to add further elements,Represents space to allow individual Revenue Bodies to add further elements
1397,Source Documents,,InvoiceStructure_Line,ABIE,0,InvoiceStructure_Line,1..*,,Details,,,,,,,,
1398,Source Documents,,InvoiceStructure_Line,BBIE,1,LineNumber,0..1,,LineNumber,,Code,,,,,SAFshorttextType,Number of the invoiceline
1399,Source Documents,,InvoiceStructure_Line,BBIE,2,AccountID,0..1,,AccountID,,Text,,,,,SAFmiddle2textType,"General Ledger Account code of the GL-revenue-account. Can be including sub-account id. It can contain many different levels to identify the Account. It could include cost centres such as company, division, region, group and branch/department."
1400,Source Documents,,InvoiceStructure_Line,ASBIE,3,Analysis,0..*,,Associated,,,,AnalysisStructure,,,AnalysisStructure,General Ledger analysis codes
1401,Source Documents,,InvoiceStructure_Line,ASBIE,4,OrderReferences,0..*,,Associated,,,,OrderReferences,,,,Relevant order references
1402,Source Documents,,OrderReferences,ABIE,0,OrderReferences,0..*,,Details,,,,,,,,Relevant order references
1403,Source Documents,,OrderReferences,BBIE,1,OriginatingON,0..1,,OriginatingON,,Text,,,,,SAFmiddle2textType,Origination Order Number
1404,Source Documents,,OrderReferences,BBIE,2,OrderDate,0..1,,OrderDate,,Date,,,,,date,Date of order
1405,Source Documents,,InvoiceStructure_Line,ASBIE,1,ShipTo,0..1,,To,,,,ShippingPointStructure,,,ShippingPointStructure,Ship To details
1406,Source Documents,,InvoiceStructure_Line,ASBIE,1,ShipFrom,0..1,,From,,,,ShippingPointStructure,,,ShippingPointStructure,Ship from Details
1407,Source Documents,,InvoiceStructure_Line,BBIE,1,GoodsServicesID,0..1,,GoodsServicesID,,Code,,,,,SAFcodeType,Indicator showing if goods or service
1408,Source Documents,,InvoiceStructure_Line,BBIE,1,ProductCode,0..1,,ProductCode,,Text,,,,,SAFmiddle2textType,Product code
1409,Source Documents,,InvoiceStructure_Line,BBIE,1,ProductDescription,0..1,,ProductDescription,,Text,,,,,SAFlongtextType,Description of goods or services.
1410,Source Documents,,InvoiceStructure_Line,ASBIE,1,Delivery,0..1,,Associated,,,,Delivery,,,,Information about the date or timeframe of the delivery of the goods or services.
1411,Source Documents,,Delivery,ABIE,0,Delivery,0..1,,Details,,,,,,,,Information about the date or timeframe of the delivery of the goods or services.
1412,Source Documents,,Delivery,ASBIE,1,choice:MovementReference/DeliveryDate/DeliveryPeriod,1..1,,Associated,,,,choice:MovementReference/DeliveryDate/DeliveryPeriod,,,,
1413,Source Documents,,Delivery,ASBIE,2,DeliveryPeriod,1..1,,Associated,,,,DeliveryPeriod,,,,Timeframe of the deliveries
1414,Source Documents,,choice:MovementReference/DeliveryDate/DeliveryPeriod,ABIE,0,choice MovementReference/DeliveryDate/DeliveryPeriod,1..1,,Details,,,,,,,,
1415,Source Documents,,choice:MovementReference/DeliveryDate/DeliveryPeriod,BBIE,1,MovementReference,1..*,,MovementReference,,Text,,,,,SAFmiddle1textType,Unique reference to the movement.
1416,Source Documents,,choice:MovementReference/DeliveryDate/DeliveryPeriod,BBIE,1,DeliveryDate,1..1,,DeliveryDate,,Date,,,,,date,The date of the delivery
1417,Source Documents,,DeliveryPeriod,ABIE,0,DeliveryPeriod,1..1,,Details,,,,,,,,Timeframe of the deliveries
1418,Source Documents,,DeliveryPeriod,BBIE,1,FromDate,1..1,,FromDate,,Date,,,,,date,Startdate of the deliveries
1419,Source Documents,,DeliveryPeriod,BBIE,1,ToDate,1..1,,ToDate,,Date,,,,,date,Enddate of the deliveries
1420,Source Documents,,InvoiceStructure_Line,ABIE,0,InvoiceStructure_Line,1..*,,Details,,,,,,,,
1421,Source Documents,,InvoiceStructure_Line,BBIE,1,Quantity,0..1,,Quantity,,Quantity,,,,,SAFquantityType,Quantity of goods and services supplied.
1422,Source Documents,,InvoiceStructure_Line,BBIE,2,InvoiceUOM,0..1,,InvoiceUOM,,Code,,,,,SAFcodeType,Quantity unit of measure e.g. pack of 12
1423,Source Documents,,InvoiceStructure_Line,BBIE,3,UOMToUOMBaseConversionFactor,0..1,,UOMToUOMBaseConversionFactor,,Numeric,,,,,decimal,Conversion factor of the InvoiceUOM to UOM Base. Only needed when InvoiceUOM is reported and is different from the UOM Base.
1424,Source Documents,,InvoiceStructure_Line,BBIE,4,UnitPrice,1..1,,UnitPrice,,Monetary,,,,,SAFmonetaryType,Unit price for the unit/group of units per UOM in the header's default currency.
1425,Source Documents,,InvoiceStructure_Line,BBIE,5,TaxPointDate,1..1,,TaxPointDate,,Date,,,,,date,Tax Point date where recorded or if not recorded then the Invoice date
1426,Source Documents,,InvoiceStructure_Line,ASBIE,6,References,0..1,,Associated,,,,References,,,,Credit Note references
1427,Source Documents,,InvoiceStructure_Line,BBIE,7,Description,1..1,,Description,,Text,,,,,SAFlongtextType,Description of Invoice Line.
1428,Source Documents,,InvoiceStructure_Line,ASBIE,8,InvoiceLineAmount,1..1,,Associated,,,,AmountStructure,,,AmountStructure,Amount for transaction excluding taxes and freightcharges.
1429,Source Documents,,InvoiceStructure_Line,BBIE,9,DebitCreditIndicator,1..1,,DebitCreditIndicator,,Indicator,,,,,,Indicates whether the amounts on line-level are debit or credit amounts. Entry must correspond to entry reflected in General Ledger Entry. Signing of lineamounts is relative to this indicator. E.g. a return can lead to a negative amount.
1430,Source Documents,,InvoiceStructure_Line,ASBIE,10,ShippingCostsAmount,0..1,,Associated,,,,AmountStructure,,,AmountStructure,Amount for shipping/freight charges.
1431,Source Documents,,InvoiceStructure_Line,ASBIE,11,TaxInformation,0..*,,Associated,,,,TaxInformationStructure,,,TaxInformationStructure,
1432,Source Documents,,InvoiceStructure_Line,ASBIE,12,Settlement,0..1,,Associated,,,,Settlement,,,,
1433,Source Documents,,InvoiceStructure_Line,ASBIE,13,DocumentTotals,0..1,,Associated,,,,DocumentTotals,,,,
1434,Source Documents,,InvoiceStructure_Line,BBIE,14,any##other,0..1,,any,,any,,,,,Represents space to allow individual Revenue Bodies to add further elements,Represents space to allow individual Revenue Bodies to add further elements
1435,Source Documents,,References,ABIE,0,References,0..1,,Details,,,,,,,,Credit Note references
1436,Source Documents,,References,ASBIE,1,CreditNote,0..1,,Associated,,,,CreditNote,,,,
1437,Source Documents,,CreditNote,ABIE,0,CreditNote,0..1,,Details,,,,,,,,
1438,Source Documents,,CreditNote,BBIE,1,Reference,0..1,,Reference,,Text,,,,,SAFmiddle1textType,Credit note reference (where applicable) to original invoice
1439,Source Documents,,CreditNote,BBIE,2,Reason,0..1,,Reason,,Text,,,,,SAFlongtextType,Credit note reason or rationale
1440,Source Documents,,Settlement,ABIE,0,InvoiceSettlement,0..1,,Details,,,,,,,,
1441,Source Documents,,Settlement,BBIE,1,SettlementDiscount,0..1,,SettlementDiscount,,Text,,,,,SAFmiddle1textType,Description Settlement / Other Discount
1442,Source Documents,,Settlement,ASBIE,2,SettlementAmount,1..1,,Associated,,,,AmountStructure,,,AmountStructure,Settlement amount
1443,Source Documents,,Settlement,BBIE,3,SettlementDate,0..1,,SettlementDate,,Date,,,,,date,Date settled
1444,Source Documents,,Settlement,BBIE,4,PaymentMechanism,0..1,,PaymentMechanism,,Code,,,,,SAFcodeType,Payment mechanism
1445,Source Documents,,DocumentTotals,ABIE,0,DocumentTotals,0..1,,Details,,,,,,,,
1446,Source Documents,,DocumentTotals,ASBIE,1,TaxInformationTotals,0..*,,Associated,,,,TaxInformationStructure,,,TaxInformationStructure,Control totals tax payable information. Per TaxType/TaxCode the TaxBase and TaxAmount are summarised.
1447,Source Documents,,DocumentTotals,BBIE,2,ShippingCostsAmountTotal,0..1,,ShippingCostsAmountTotal,,Monetary,,,,,SAFmonetaryType,Control total amount freight charges
1448,Source Documents,,DocumentTotals,BBIE,3,NetTotal,1..1,,NetTotal,,Monetary,,,,,SAFmonetaryType,Control total sales value excluding tax and shippingcosts.
1449,Source Documents,,DocumentTotals,BBIE,4,GrossTotal,1..1,,GrossTotal,,Monetary,,,,,SAFmonetaryType,Control total amount including tax and shippingcosts.
1450,Source Documents,,ShippingPointStructure,ABIE,0,ShippingPointStructure,1..1,,Details,,,,,,,,A structure that holds all shipping point information.
1451,Source Documents,,ShippingPointStructure,BBIE,1,DeliveryID,0..1,,DeliveryID,,Text,,,,,SAFmiddle1textType,Identification of the delivery
1452,Source Documents,,ShippingPointStructure,BBIE,2,DeliveryDate,0..1,,DeliveryDate,,Date,,,,,date,Date goods are delivered
1453,Source Documents,,ShippingPointStructure,BBIE,3,WarehouseID,0..1,,WarehouseID,,Text,,,,,SAFmiddle1textType,"Warehouse where goods held - also to identify work-in-progress, or stock-in-transit"
1454,Source Documents,,ShippingPointStructure,BBIE,4,LocationID,0..1,,LocationID,,Code,,,,,SAFshorttextType,Location of goods in warehouse
1455,Source Documents,,ShippingPointStructure,BBIE,5,UCR,0..1,,UCR,,Text,,,,,SAFmiddle1textType,Unique consignment reference number
1456,Source Documents,,ShippingPointStructure,ASBIE,6,Address,0..1,,Associated,,,,AddressStructure,,,AddressStructure,
1457,Source Documents,,AnalysisStructure,ABIE,0,AnalysisStructure,1..1,,Details,,,,,,,,General Ledger analysis codes
1458,Source Documents,,AnalysisStructure,BBIE,1,AnalysisType,1..1,,AnalysisType,,Code,,,,,SAFcodeType,"Analysis code identifier: cost center, cost unit, cost type, project, etc. Refers to the MasterFile AnalysisTypeTable"
1459,Source Documents,,AnalysisStructure,BBIE,2,AnalysisID,1..1,,AnalysisID,,Text,,,,,SAFlongtextType,Value of the analysisID: f.i. which cost center applies
1460,Source Documents,,AnalysisStructure,ASBIE,3,AnalysisAmount,0..1,,Associated,,,,AmountStructure,,,AmountStructure,Amount applying to the Analysis: f.i. the amount applying for this cost center
1461,Source Documents,,TaxInformationStructure,ABIE,0,TaxInformationStructure,0..1,,Details,,,,,,,, Tax Amount information structure
1462,Source Documents,,TaxInformationStructure,BBIE,1,TaxType,1..1,,TaxType,,Code,,,,,SAFcodeType,Tax type for look-up in tables
1463,Source Documents,,TaxInformationStructure,BBIE,1,TaxCode,0..1,,TaxCode,,Code,,,,,SAFcodeType,Tax Code for lookup in tables
1464,Source Documents,,TaxInformationStructure,BBIE,1,TaxPercentage,0..1,,TaxPercentage,,Percentage,,,,,decimal,Tax percentage.
1465,Source Documents,,TaxInformationStructure,BBIE,1,TaxBase,0..1,,TaxBase,,Numeric,,,,,decimal,"The base on which the tax is calculated. This can be an amount, or a quantity, eg. Litres."
1466,Source Documents,,TaxInformationStructure,BBIE,1,TaxBaseDescription,0..1,,TaxBaseDescription,,Text,,,,,SAFmiddle2textType,Description of the value in the TaxBase. Eg. Litres for excises on alcoholic bevarages.
1467,Source Documents,,TaxInformationStructure,ASBIE,1,TaxAmount,0..1,,Associated,,,,AmountStructure,,,AmountStructure,Tax amount information
1468,Source Documents,,TaxInformationStructure,BBIE,1,TaxExemptionReason,1..1,,TaxExemptionReason,,Text,,,,,SAFmiddle2textType,Tax exemption or reduction reason or rationale
1469,Source Documents,,TaxInformationStructure,BBIE,1,TaxDeclarationPeriod,0..1,,TaxDeclarationPeriod,,Text,,,,,SAFmiddle1textType,The identification of the declaration/return in which the taxamount is reported to the Revenue body.
1470,Common,,AddressStructure,ABIE,0,AddressStructure,1..1,,Details,,,,,,,,[Common to all SAFs] A common structure used wherever an address is required.
1471,Common,,AddressStructure,BBIE,1,StreetName,0..1,,StreetName,,Text,,,,,SAFmiddle2textType,Street Name
1472,Common,,AddressStructure,BBIE,2,Number,0..1,,Number,,Code,,,,,SAFshorttextType,Number
1473,Common,,AddressStructure,BBIE,3,AdditionalAddressDetail,0..1,,AdditionalAddressDetail,,Text,,,,,SAFmiddle2textType,Additional Address Detail
1474,Common,,AddressStructure,BBIE,4,Building,0..1,,Building,,Text,,,,,SAFmiddle1textType,Building
1475,Common,,AddressStructure,BBIE,5,City,1..1,,City,,Text,,,,,SAFmiddle1textType,City
1476,Common,,AddressStructure,BBIE,6,PostalCode,1..1,,PostalCode,,Code,,,,,SAFshorttextType,Postal Code
1477,Common,,AddressStructure,BBIE,7,Region,0..1,,Region,,Text,,,,,SAFmiddle1textType,Country specific code to indicate regions / provinces within the tax authority. Preferably described according to ISO 3166-2. Example: GB-KEN for Kent county in the United Kingdom.
1478,Common,,AddressStructure,BBIE,8,Country,0..1,,Country,,Code,,,,,ISOCountryCode,Two-letter country code according to ISO 3166-1 alpha 2 standard. Example NL for the Netherlands.
1479,Common,,AddressStructure,BBIE,9,AddressType,0..1,,AddressType,,enumeration,,,,,"StreetAddress PostalAddress BillingAddress ShipToAddress ShipFromAddress""","Field to differentiate between multiple addresses. To indicate the type of address. Choose  from the predefined enumeration. (examples: StreetAddress PostalAddress, BillingAddress)"
1480,Common,,TaxIDStructure,ABIE,0,TaxIDStructure,1..1,,Details,,,,,,,,[Common to all SAFs] Tax information of a company.
1481,Common,,TaxIDStructure,BBIE,1,TaxRegistrationNumber,1..1,,TaxRegistrationNumber,,Text,,,,,SAFmiddle1textType,Unique number issued by a Revenue Body for use by the company.
1482,Common,,TaxIDStructure,BBIE,1,TaxType,1..1,,TaxType,,Code,,,,,SAFcodeType,For use where information reported in the SAF-T covers more than one type of tax regime: to identify the type of tax regime to which this entry relates.
1483,Common,,TaxIDStructure,BBIE,1,TaxNumber,0..1,,TaxNumber,,Text,,,,,SAFmiddle1textType,"The tax registration number for the particular tax regime referred to by TaxType, f.i. VAT-number"
1484,Common,,TaxIDStructure,BBIE,1,TaxAuthority,0..1,,TaxAuthority,,Text,,,,,SAFmiddle1textType,Identification of the Revenue Body to which this TaxType refers.
1485,Common,,TaxIDStructure,BBIE,1,TaxVerificationDate,0..1,,TaxVerificationDate,,Date,,,,,date,The date that the tax registration details referred to above were last checked.
1486,Common,,AmountStructure,ABIE,0,AmountStructure,1..1,,Details,,,,,,,,[Common to all SAFs] A common structure used wherever an amount is required. Monetary amount with optional foreign currency exchange rate information.
1487,Common,,AmountStructure,BBIE,1,Amount,1..1,,Amount,,Monetary,,,,,SAFmonetaryType,In the header's default currency.
1488,Common,,AmountStructure,ASBIE,2,sequence:Amount,0..1,,Associated,,,,sequence:Amount,,,sequence:Amount,
1489,Common,,sequence:Amount,ABIE,0,sequence:Amount,0..1,,Details,,,,,,,,
1490,Common,,sequence:Amount,BBIE,1,CurrencyCode,1..1,,CurrencyCode,,Code,,,,,ISOCurrencyCode,Three-letter currency code according to ISO 4217 standard. Example: EUR for the Euros or USD for American Dollars.
1491,Common,,sequence:Amount,BBIE,2,CurrencyAmount,1..1,,CurrencyAmount,,Monetary,,,,,SAFmonetaryType,Amount in foreign currency.
1492,Common,,sequence:Amount,BBIE,3,ExchangeRate,0..1,,ExchangeRate,,Numeric,,,,,SAFexchangerateType,The exchange rate used. CurrencyAmount x ExchangeRate = Amount
1493,Common,,BankAccountStructure,ABIE,0,BankAccountStructure,1..1,,Details,,,,,,,,"[Common to all SAFs] Bank account number information. IBAN number, or account number with optional information."
1494,Common,,BankAccountStructure,ASBIE,1,choice:IBANNumber/sequence,1..1,,Associated,,,,choice:IBANNumber/sequence,,,,
1495,Common,,BankAccountStructure,BBIE,2,BankAccountName,1..1,,BankAccountName,,Text,,,,,SAFmiddle1textType,The number allocated to the account by the individual‚Äôs or company‚Äôs own bank.
1496,Common,,BankAccountStructure,BBIE,3,SortCode,0..1,,SortCode,,Text,,,,,SAFmiddle2textType,The name of the individual or company holding the bank account.
1497,Common,,BankAccountStructure,BBIE,4,CompanyHeaderStructure,0..1,,CompanyHeaderStructure,,Code,,,,,SAFshorttextType,Identifier for the bank branch at which the account is held. May be needed to uniquely identify the account.
1498,Common,,choice:IBANNumber/sequence,ABIE,0,choice:IBANNumber/sequence,1..1,,Details,,,,,,,,
1499,Common,,choice:IBANNumber/sequence,BBIE,1,IBANNumber,1..1,,IBANNumber,,Text,,,,,SAFmiddle1textType,"International Bank Account Number, ISO 13616"
1500,Common,,choice:IBANNumber/sequence,ASBIE,2,BankAccountNumber,,,Associated,,,,sequence: BankAccountNumber,,,,
1501,Common,,sequence: BankAccountNumber,ABIE,0,sequence: BankAccountNumber,1..1,,Details,,,,,,,,
1502,Common,,sequence: BankAccountNumber,BBIE,,BankAccountNumber,1..1,,BankAccountNumber,,Text,,,,,SAFmiddle1textType,The number allocated to the account by the individual’s or company’s own bank.
1503,Common,,sequence: BankAccountNumber,BBIE,,BankAccountName,0..1,,BankAccountName,,Text,,,,,SAFmiddle2textType,The name of the individual or company holding the bank account.
1504,Common,,sequence: BankAccountNumber,BBIE,,SortCode,0..1,,SortCode,,Code,,,,,SAFshorttextType,Identifier for the bank branch at which the account is held. May be needed to uniquely identify the account.
1505,Common,,CompanyStructure,ABIE,0,CompanyStructure,1..1,,Details,,,,,,,,[Common to all SAFs] CompanyStructure with mandatory RegistrationNumber and Telephone (Contact)
1506,Common,,CompanyStructure,BBIE,1,RegistrationNumber,0..1,,RegistrationNumber,,Text,,,,,SAFmiddle1textType,"Unique number to identify the company in the accounting records, issued by a government authority or created by the company for internal purposes to identify different entities within their corporate group."
1507,Common,,CompanyStructure,BBIE,2,Name,1..1,,Name,,Text,,,,,SAFmiddle2textType,
1508,Common,,CompanyStructure,ASBIE,3,Address,1..*,,Associated,,,,AddressStructure,,,AddressStructure,
1509,Common,,CompanyStructure,ASBIE,4,Contact,0..*,,Associated,,,,ContactInformationStructure,,,ContactInformationStructure,
1510,Common,,CompanyStructure,ASBIE,5,TaxRegistration,0..*,,Associated,,,,TaxIDStructure,,,TaxIDStructure,
1511,Common,,CompanyStructure,ASBIE,6,BankAccount,0..*,,Associated,,,,BankAccountStructure,,,BankAccountStructure,
1512,Common,,CompanyStructure,BBIE,1,any##other,0..1,,any,,any,,,,,Represents space to allow individual Revenue Bodies to add further elements,Represents space to allow individual Revenue Bodies to add further elements
1513,Common,,CompanyHeaderStructure,ABIE,0,CompanyHeaderStructure,1..1,,Details,,,,,,,,[Common to all SAFs] CompanyStructure with mandatory RegistrationNumber and Telephone (Contact)
1514,Common,,CompanyHeaderStructure,BBIE,1,RegistrationNumber,1..1,,RegistrationNumber,,Text,,,,,SAFmiddle1textType,"Unique number to identify the company in the accounting records, issued by a government body or created by the company for internal purposes to identify different entities within their corporate group."
1515,Common,,CompanyHeaderStructure,BBIE,2,Name,1..1,,Name,,Text,,,,,SAFmiddle2textType,
1516,Common,,CompanyHeaderStructure,ASBIE,3,Address,1..*,,Associated,,,,AddressStructure,,,AddressStructure,
1517,Common,,CompanyHeaderStructure,ASBIE,4,Contact,1..*,,Associated,,,,ContactInformationStructure,,,ContactInformationStructure,
1518,Common,,CompanyHeaderStructure,ASBIE,5,TaxRegistration,0..*,,Associated,,,,TaxIDStructure,,,TaxIDStructure,
1519,Common,,CompanyHeaderStructure,ASBIE,6,BankAccount,0..*,,Associated,,,,BankAccountStructure,,,BankAccountStructure,
1520,Common,,ContactHeaderStructure,ABIE,0,ContactHeaderStructure,0..*,,Details,,,,,,,,[Common to all SAFs] ContactInformationStructure with madatory TelephoneNumber
1521,Common,,ContactHeaderStructure,ASBIE,1,ContactPerson,1..1,,Associated,,,,PersonNameStructure,,,PersonNameStructure,
1522,Common,,ContactHeaderStructure,ASBIE,,ContactInformationStructure,1..1,,Associated,,,,ContactInformationStructure,,,,[Common to all SAFs] Contact information of a company.
1523,Common,,HeaderStructure,ABIE,0,HeaderStructure,0..1,,Details,,,,,,,,[Common to all SAFs] Overall information about this Standard Auditfile.
1524,Common,,HeaderStructure,BBIE,1,AuditFileVersion,1..1,,AuditFileVersion,,Code,,,,,SAFcodeType,Identification of the Standard Audit File SAF-T version being used
1525,Common,,HeaderStructure,BBIE,1,AuditFileCountry,1..1,,AuditFileCountry,,Code,,,,,ISOCountryCode,Two-letter country code according to ISO 3166-1 alpha 2 standard. Example NL for the Netherlands.
1526,Common,,HeaderStructure,BBIE,1,AuditFileRegion,1..1,,AuditFileRegion,,Code,,,,,SAFcodeType,Country specific code to indicate regions / provinces within the tax authority. Preferably described according to ISO 3166-2. Example: GB-KEN for Kent county in the United Kingdom.
1527,Common,,HeaderStructure,BBIE,1,AuditFileDateCreated,0..1,,AuditFileDateCreated,,Date,,,,,date,Date of production of SAF-T
1528,Common,,HeaderStructure,BBIE,1,SoftwareCompanyName,1..1,,SoftwareCompanyName,,Text,,,,,SAFmiddle2textType,Name of the software company whose product created the SAF-T.
1529,Common,,HeaderStructure,BBIE,1,SoftwareID,1..1,,SoftwareID,,Text,,,,,SAFlongtextType,Name of the Software that generated the SAF-T.
1530,Common,,HeaderStructure,BBIE,1,SoftwareVersion,1..1,,SoftwareVersion,,Code,,,,,SAFshorttextType,Version of the software that created the SAF-T.
1531,Common,,HeaderStructure,ASBIE,1,Company,1..1,,Associated,,,,CompanyHeaderStructure,,,CompanyHeaderStructure,Company's name and address details.
1532,Common,,HeaderStructure,ABIE,0,HeaderStructure,0..1,,Details,,,,,,,,[Common to all SAFs] Overall information about this Standard Auditfile.
1533,Common,,HeaderStructure,BBIE,1,DefaultCurrencyCode,1..1,,DefaultCurrencyCode,,Code,,,,,ISOCurrencyCode,Three letter Currency Code  (ISO 4217) of local currency which is the default for the SAF.
1534,Common,,HeaderStructure,BBIE,1,AuditFileVersion,1..1,,AuditFileVersion,,Code,,,,,SAFcodeType,Identification of the Standard Audit File SAF-T version being used
1535,Common,,HeaderStructure,ASBIE,1,SelectionCriteria,1..1,,Associated,,,,SelectionCriteriaStructure,,,SelectionCriteriaStructure,Criteria set by the user to populate the audit files
1536,Common,,HeaderStructure,BBIE,1,AuditFileCountry,1..1,,AuditFileCountry,,Code,,,,,ISOCountryCode,Two-letter country code according to ISO 3166-1 alpha 2 standard. Example NL for the Netherlands.
1537,Common,,HeaderStructure,BBIE,1,HeaderComment,0..1,,HeaderComment,,Text,,,,,SAFlongtextType,Space for any further generic comments on the SAF-T. Revenue Bodies should consider what information they would expect to see here.
1538,Common,,HeaderStructure,BBIE,1,AuditFileRegion,1..1,,AuditFileRegion,,Code,,,,,SAFcodeType,Country specific code to indicate regions / provinces within the tax authority. Preferably described according to ISO 3166-2. Example: GB-KEN for Kent county in the United Kingdom.
1539,Common,,HeaderStructure,BBIE,1,AuditFileDateCreated,0..1,,AuditFileDateCreated,,Date,,,,,date,Date of production of SAF-T
1540,Common,,HeaderStructure,BBIE,1,SoftwareCompanyName,1..1,,SoftwareCompanyName,,Text,,,,,SAFmiddle2textType,Name of the software company whose product created the SAF-T.
1541,Common,,HeaderStructure,BBIE,1,SoftwareID,1..1,,SoftwareID,,Text,,,,,SAFlongtextType,Name of the Software that generated the SAF-T.
1542,Common,,HeaderStructure,BBIE,1,SoftwareVersion,1..1,,SoftwareVersion,,Code,,,,,SAFshorttextType,Version of the software that created the SAF-T.
1543,Common,,HeaderStructure,ASBIE,1,Company,1..1,,Associated,,,,CompanyHeaderStructure,,,CompanyHeaderStructure,Company's name and address details.
1544,Common,,HeaderStructure,BBIE,1,DefaultCurrencyCode,1..1,,DefaultCurrencyCode,,Code,,,,,ISOCurrencyCode,Three letter Currency Code  (ISO 4217) of local currency which is the default for the SAF.
1545,Common,,HeaderStructure,ASBIE,1,SelectionCriteria,1..1,,Associated,,,,SelectionCriteriaStructure,,,SelectionCriteriaStructure,Criteria set by the user to populate the audit files
1546,Common,,HeaderStructure,BBIE,1,HeaderComment,0..1,,HeaderComment,,Text,,,,,SAFlongtextType,Space for any further generic comments on the SAF-T. Revenue Bodies should consider what information they would expect to see here.
1547,Common,,ContactInformationStructure,ABIE,0,ContactInformationStructure,1..1,,Details,,,,,,,,[Common to all SAFs] Contact information of a company.
1548,Common,,ContactInformationStructure,BBIE,1,Telephone,0..1,,Telephone,,Code,,,,,SAFshorttextType,
1549,Common,,ContactInformationStructure,BBIE,1,Fax,0..1,,Fax,,Code,,,,,SAFshorttextType,
1550,Common,,ContactInformationStructure,BBIE,1,Email,0..1,,Email,,Text,,,,,SAFmiddle2textType,
1551,Common,,ContactInformationStructure,BBIE,1,Website,0..1,,Website,,Code,,,,,anyURI,
1552,Common,,PersonNameStructure,ABIE,0,PersonNameStructure,0..1,,Details,,,,,,,,[Common to all SAFs] All information about the name of a natural person.
1553,Common,,PersonNameStructure,BBIE,1,Title,1..1,,Title,,Code,,,,,SAFcodeType,
1554,Common,,PersonNameStructure,BBIE,1,FirstName,0..1,,FirstName,,Text,,,,,SAFmiddle1textType,
1555,Common,,PersonNameStructure,BBIE,1,Initials,1..1,,Initials,,Code,,,,,SAFshorttextType,
1556,Common,,PersonNameStructure,BBIE,1,LastNamePrefix,0..1,,LastNamePrefix,,Code,,,,,SAFshorttextType,"A textual expression of a prefix that precedes this person's family name such as Van, Von."
1557,Common,,PersonNameStructure,BBIE,1,LastName,0..1,,LastName,,Text,,,,,SAFmiddle2textType,
1558,Common,,PersonNameStructure,BBIE,1,BirthName,1..1,,BirthName,,Text,,,,,SAFmiddle2textType,
1559,Common,,PersonNameStructure,BBIE,1,Salutation,0..1,,Salutation,,Code,,,,,SAFshorttextType,"A formal sign or expression of greeting, expressed as text, that is appropriate for this person such as Right Honourable, Monsignor or Madam."
1560,Common,,PersonNameStructure,BBIE,1,OtherTitles,0..1,,OtherTitles,,Code,,,,,SAFshorttextType,
1561,Common,,SelectionCriteriaStructure,ABIE,0,SelectionCriteriaStructure,0..1,,Details,,,,,,,,[Common to all SAFs] The selection criteria used to generate this Standard Auditfile
1562,Common,,SelectionCriteriaStructure,BBIE,1,TaxReportingJurisdiction,0..1,,TaxReportingJurisdiction,,Text,,,,,SAFmiddle1textType,Identifies the tax jurisdiction for whose purpose the SAF has been created. Principally for use where a single Revenue body covers more than one territory.
1563,Common,,SelectionCriteriaStructure,BBIE,1,CompanyEntity,0..1,,CompanyEntity,,Text,,,,,SAFmiddle2textType,For use where data has been extracted from the full data set by reference to a specific corporate entity.
1564,Common,,SelectionCriteriaStructure,ASBIE,1,choice:SelectionStartDate-SelectionEndDate/PeriodStart-PeriodStartYear-PeriodEnd-PeriodEndYear,1..1,,Associated,,,,choice:SelectionStartDate-SelectionEndDate/PeriodStart-PeriodStartYear-PeriodEnd-PeriodEndYear,,,,"Allows for a choice between selection on calendar dates and periods according to the accounting system, e.g. 1 to 12 for a 12-months accounting system."
1565,Common,,SelectionCriteriaStructure,BBIE,1,DocumentType,0..1,,DocumentType,,Text,,,,,SAFlongtextType,Type of documents selected. For use where the data has been restricted by reference to particular transaction types.
1566,Common,,SelectionCriteriaStructure,BBIE,1,OtherCriteria,0..*,,OtherCriteria,,Text,,,,,SAFlongtextType,Any other criteria used in selecting data. Individual Revenue Bodies may wish to draw up a list of other acceptable selection criteria for use within their jurisdiction
1567,Common,,choice:SelectionStartDate-SelectionEndDate/PeriodStart-PeriodStartYear-PeriodEnd-PeriodEndYear,ABIE,0,choice:SelectionStartDate-SelectionEndDate/PeriodStart-PeriodStartYear-PeriodEnd-PeriodEndYear,1..1,,Details,,,,,,,,"Allows for a choice:between selection on calendar dates and periods according to the accounting system, e.g. 1 to 12 for a 12-months accounting system."
1568,Common,,choice:SelectionStartDate-SelectionEndDate/PeriodStart-PeriodStartYear-PeriodEnd-PeriodEndYear,ASBIE,1,SelectionStartDate-SelectionEndDate,1..1,,Associated,,,,SelectionCriteriaStructure,,,,"Allows for a choice:between selection on calendar dates and periods according to the accounting system, e.g. 1 to 12 for a 12-months accounting system."
1569,Common,,choice:SelectionStartDate-SelectionEndDate/PeriodStart-PeriodStartYear-PeriodEnd-PeriodEndYear,ASBIE,1,PeriodStart-PeriodStartYear-PeriodEnd-PeriodEndYear,,,Associated,,,,PeriodStart-PeriodStartYear-PeriodEnd-PeriodEndYear,,,,
1570,Common,,SelectionStartDate-SelectionEndDate,ABIE,0,SelectionStartDate-SelectionEndDate,1..1,,Details,,,,,,,,
1571,Common,,SelectionStartDate-SelectionEndDate,BBIE,1,SelectionStartDate,1..1,,SelectionStartDate,,Date,,,,,date,The start date for the reporting period covered by the SAF.
1572,Common,,SelectionStartDate-SelectionEndDate,BBIE,1,SelectionEndDate,1..1,,SelectionEndDate,,Date,,,,,date,The end date for the reporting period covered by the SAF.
1573,Common,,PeriodStart-PeriodStartYear-PeriodEnd-PeriodEndYear,ABIE,0,PeriodStart-PeriodStartYear-PeriodEnd-PeriodEndYear,1..1,,Details,,,,,,,,
1574,Common,,PeriodStart-PeriodStartYear-PeriodEnd-PeriodEndYear,BBIE,1,PeriodStart,1..1,,PeriodStart,,Numeric,,,,,nonNegativeInteger,The first Accounting Period covered by the SAF.
1575,Common,,PeriodStart-PeriodStartYear-PeriodEnd-PeriodEndYear,BBIE,1,PeriodStartYear,1..1,,PeriodStartYear,,Numeric,,,,,"xs:nonNegativeInteger minInclusive value=""1970"" maxInclusive value=""2100""",The Accounting Year in which the PeriodStart falls.
1576,Common,,PeriodStart-PeriodStartYear-PeriodEnd-PeriodEndYear,BBIE,1,PeriodEnd,1..1,,PeriodEnd,,Numeric,,,,,nonNegativeInteger,The last Accounting Period covered by the SAF.
1577,Common,,PeriodStart-PeriodStartYear-PeriodEnd-PeriodEndYear,BBIE,1,PeriodEndYear,1..1,,PeriodEndYear,,Numeric,,,,,"xs:nonNegativeInteger minInclusive value=""1970"" maxInclusive value=""2100""",The Accounting Year in which the PeriodEnd falls.
1578,,,any##other,ABIE,,Details,0..1,,,,,,,,,,
1579,,,any##other,BBIE,,AnyElementsForExtension,0..*,,AnyElementsForExtension,,―,,,,,ー,Any Elements For Extension
